County/Parish,"WARN
No.",Notice Date,Received Date,Effective Date,Company,No. Of Employees,Address
Randolph County,202000001,1/6/2020,1/6/2020,1/31/2020,Mas US Holdings Inc,124,601 E Pritchard St  Asheboro NC 27203
Wake County,202000002,1/8/2020,1/9/2020,3/8/2020,Whole Foods Market Southern Region - BakeHouse,102,2800 Perimeter Park Drive Suite C Morrisville NC 27560
Mecklenburg County,202000004,1/22/2020,1/23/2020,4/1/2020,Sunshine Cleaning Systems,280,5501 Josh Birmingham Pkwy Charlotte NC 28208
Chatham County,202000006,1/30/2020,1/30/2020,4/1/2020,Arauco NA,75,985 Corinth Road  Moncure NC 27559
Mecklenburg County,202000005,1/30/2020,1/30/2020,3/31/2020,"Continuum Global Solutions, LLC",428,2745-A Whitehall Park  Charlotte NC 28273
Wake County,202000007,2/6/2020,2/10/2020,4/9/2020,"Plaza Associates, Inc",15,2840 Plaza Pl # 100  Raleigh NC 27612
Wake County,202000007,2/6/2020,2/10/2020,4/9/2020,"Plaza Associates, Inc",100,4325 Glenwood Avenue  Raleigh NC 27612
Pitt County,202000008,2/11/2020,2/12/2020,4/11/2020,"CWI, Inc.",52,5398 Martin Luther King Junior Highway  Greenville NC 27834
Pitt County,202000008,2/11/2020,2/12/2020,4/11/2020,"CWI, Inc.",52,601 Stanton Road  Greenville NC 27834
Wake County,202000009,2/10/2020,2/12/2020,7/17/2020,JCPenney,81,"4217 Six Forks Road Suite 100
Raleigh NC 27609"
Mecklenburg County,202000010,2/12/2020,2/13/2020,4/12/2020,"Express Parcel Service, LLC",51,3830 Parrott Drive  Charlotte NC 28214
Onslow County,202000011,2/10/2020,2/13/2020,3/10/2020,PAE - Marine Depot Maintenance Command,50,MCB Camp Lejeune  Holly Ridge NC 28445
Mecklenburg County,202000012,2/13/2020,2/14/2020,4/16/2020,Delivery Force,24,4525 Statesville Avenue  Charlotte NC 28269
Buncombe County,202000013,2/17/2020,2/17/2020,2/17/2020,Earth Fare,104,66 Westgate Pkwy  Asheville NC 28806
Henderson County,202000013,2/17/2020,2/17/2020,2/17/2020,Earth Fare,116,220 Continuum Drive  Fletcher NC 28732
Yancey County,202000014,2/14/2020,2/19/2020,4/23/2020,Hickory Springs Mfg Co,65,435 Hickory Springs Road  Burnsville NC 28714
Cumberland County,202000015,2/21/2020,2/24/2020,4/13/2020,Mundy Service Corporation,55,3500 Cedar Creek Road  Fayetteville NC 28312
Rowan County,202000016,2/27/2020,2/27/2020,3/27/2020,PARKDALE PLANT 23,88,100 S. MAIN ST  Landis NC 28088-
Wake County,202000017,2/28/2020,3/3/2020,4/30/2020,Liberty Healthcare Corporation,130,"5540 Centerview Drive Suite 114
Raleigh NC 27606"
Anson County,202000019,3/4/2020,3/4/2020,5/8/2020,Walmart Store 1127,205,"2004 US Highway 74 W  Wadesboro
NC 28170"
Richmond County,202000018,3/4/2020,3/4/2020,5/1/2020,Richmond Speciality Yarns LLC,76,1748 N US Highway 220  Ellerbe NC 28338
Robeson County,202000020,3/4/2020,3/4/2020,5/8/2020,Walmart Store #7217,80,2503 W 5th St  Lumberton NC 28358
Guilford County,202000021,3/9/2020,3/9/2020,5/11/2020,Deluxe Corp,221,3703 Farmington Dr  Greensboro NC 27407
Alamance County,202000023,3/16/2020,3/16/2020,4/22/2020,Lemco Mills Inc,57,766 Koury Dr  Burlington NC 27215
Mecklenburg County,202000025,3/18/2020,3/18/2020,3/18/2020,BLT Steak Charlotte - COVID19,57,110 N College St  Charlotte NC 28202
Dare County,202000027,3/19/2020,3/19/2020,3/20/2020,Sanderling Resort - COVID19,81,1461 Duck Road  Kitty Hawk NC 27949
Guilford County,202000026,3/19/2020,3/19/2020,3/18/2020,Quaintance-Weaver - COVID19,700,"324 W Wendover Ave # 300 Suite 320
Greensboro NC 27408"
Mecklenburg County,202000024,3/18/2020,3/19/2020,3/17/2020,"CE Rental, Inc. - COVID19",7,600 Phillip Davis Dr  Charlotte NC 28217
Wake County,202000029,3/19/2020,3/19/2020,3/18/2020,New World Concepts COVID19,120,220 Dominion Dr # A  Morrisville NC 27560
Wake County,202000028,3/19/2020,3/20/2020,3/17/2020,"Trans States Airlines, LLC - COVID19",13,1725 E. International Drive  Morrisville NC 27560
Wake County,202000030,3/20/2020,3/20/2020,3/20/2020,"CE Rental, Inc COVID19",47,"3006 Industrial Drive Suite 110
Raleigh NC 27609"
Anson County,202000031,3/20/2020,3/21/2020,3/20/2020,CAROLINA EYE ASSOCIATES P A COVID19,2,310 North Greene Street  Wadesboro NC 28170
Cumberland County,202000031,3/20/2020,3/21/2020,3/20/2020,CAROLINA EYE ASSOCIATES P A COVID19,8,"1991 Fordham Drive Suite 301
Fayetteville NC 28304"
Durham County,202000032,3/20/2020,3/21/2020,9/7/2020,"Imperial Hotel Group, Inc. d/b/a Sheraton Imperial Hotel-Con. - COVID19",207,4700 Emperor Blvd  Durham NC 27703
Forsyth County,202000031,3/20/2020,3/21/2020,3/20/2020,CAROLINA EYE ASSOCIATES P A COVID19,9,725 Highland Oaks Drive Suite 101 Winston Salem NC 27103
Guilford County,202000031,3/20/2020,3/21/2020,3/20/2020,CAROLINA EYE ASSOCIATES P A COVID19,20,"3312 Battleground Avenue
Greensboro NC 27410"
Moore County,202000031,3/20/2020,3/21/2020,3/20/2020,CAROLINA EYE ASSOCIATES P A COVID19,117,2170 MIDLAND ROAD  Southern Pines NC 28387
Randolph County,202000031,3/20/2020,3/21/2020,3/20/2020,CAROLINA EYE ASSOCIATES P A COVID19,6,220-C Foust Street  Asheboro NC 27203
Richmond County,202000031,3/20/2020,3/21/2020,3/20/2020,CAROLINA EYE ASSOCIATES P A COVID19,14,101 Medical Circle  Rockingham NC 28379
Stanly County,202000031,3/20/2020,3/21/2020,3/20/2020,CAROLINA EYE ASSOCIATES P A COVID19,9,923 N. 2nd Street  Albemarle NC 28001
Catawba County,202000036,3/23/2020,3/23/2020,3/23/2020,"ZF Chassis Components, LLC - COVID19",96,1570 East P Street Ext.  Newton NC 28658
Guilford County,202000033,3/19/2020,3/23/2020,3/16/2020,"Hospitality Ventures Management - Greensboro LLC, dba Greensboro-High Point Marriott Airport COVID19",99,One Marriott Drive  Greensboro NC 27409
Mecklenburg County,202000034,3/20/2020,3/23/2020,3/17/2020,HMSHost - Charlotte Douglas International Airport - COVID19,815,5501 Josh Birmingham Pkway Charlotte NC 28208
Mecklenburg County,202000035,3/19/2020,3/23/2020,3/19/2020,Hilton Charlotte Center City - COVID19,163,222 East Third Street  Charlotte NC 28202
Buncombe County,202000041,3/24/2020,3/24/2020,3/25/2020,Movement for Life Inc. COVID19,1,1572 San Hill Road  Candler NC 28715
Buncombe County,202000041,3/24/2020,3/24/2020,3/25/2020,Movement for Life Inc. COVID19,4,858 Merrimon Avenue  Asheville NC 28804
Buncombe County,202000041,3/24/2020,3/24/2020,3/25/2020,Movement for Life Inc. COVID19,6,20 Gala Drive Suite G104 Asheville NC 28803
Henderson County,202000041,3/24/2020,3/24/2020,3/27/2020,Movement for Life Inc. COVID19,1,"101 East Allen SDt. #103
Hendersonville NC 28792"
Mecklenburg County,202000038,3/20/2020,3/24/2020,3/22/2020,GO Rentals - COVID19,6,5400 Airport Drive  Charlotte NC 28208
Mecklenburg County,202000040,3/24/2020,3/24/2020,3/16/2020,"Calimira, LLC dbs Rusty Bucket Restaurant & Tavern - COVID19",65,4810 Ashley Park Ln # E  Charlotte NC 28210
Wake County,202000037,3/22/2020,3/24/2020,3/20/2020,"Wilmington Street Partners, d/b/aTonbo Ramen - COVID19",26,211 S Wilmington St  Raleigh NC 27601
Wake County,202000039,3/24/2020,3/24/2020,3/24/2020,"Alsco, Inc. - COVID19",29,3301 Hillsborough St  Raleigh NC 27604
Guilford County,202000043,3/23/2020,3/25/2020,3/22/2020,"Driven Brands Shared Services, LLC dba Take 5 Oil Change COVID19",8,1715 Battleground Ave  Greensboro NC 27408
Lenoir County,202000044,3/25/2020,3/25/2020,3/20/2020,"Alsco, Inc. - COVID19",27,717 Summit Ave  Kinston NC 28501
Mecklenburg County,202000042,3/23/2020,3/25/2020,3/22/2020,"DRIVEN BRANDS SHARED SERVICES, LLC - COVID19",24,"440 S. Church Street Suite 700
Charlotte NC 28202"
Mecklenburg County,202000043,3/23/2020,3/25/2020,3/22/2020,"Driven Brands Shared Services, LLC dba Take 5 Oil Change COVID19",7,1836 W. Mallard Creek Church Road Charlotte NC 28262
Mecklenburg County,202000043,3/23/2020,3/25/2020,3/22/2020,"Driven Brands Shared Services, LLC dba Take 5 Oil Change COVID19",7,4030 Monroe Road  Charlotte NC 28205
Mecklenburg County,202000043,3/23/2020,3/25/2020,3/22/2020,"Driven Brands Shared Services, LLC dba Take 5 Oil Change COVID19",7,5221 South Blvd.  Charlotte NC 28217
Mecklenburg County,202000043,3/23/2020,3/25/2020,3/22/2020,"Driven Brands Shared Services, LLC dba Take 5 Oil Change COVID19",7,"9200 Albemarle ROad Suite 700
Charlotte NC 28227"
Wake County,202000043,3/23/2020,3/25/2020,3/22/2020,"Driven Brands Shared Services, LLC dba Take 5 Oil Change COVID19",8,5110 Capital Blvd  Raleigh NC 27616
Wake County,202000043,3/23/2020,3/25/2020,3/22/2020,"Driven Brands Shared Services, LLC dba Take 5 Oil Change COVID19",8,6301 Creedmoor Road  Raleigh NC 27612
Catawba County,202000045,3/25/2020,3/26/2020,3/26/2020,"Twin City Knitting Company, Inc.
COVID19",18,104 Rock Barn Road  Conover NC 28613
Catawba County,202000045,3/25/2020,3/26/2020,3/26/2020,"Twin City Knitting Company, Inc.
COVID19",73,1300 Burris Rd  Newton NC 28658
Forsyth County,202000049,3/20/2020,3/26/2020,3/16/2020,"Hospitality Ventures Mangement - Winston- Salem, LLC dba Winston-Salem Marriott
- COVID19",101,425 N Cherry St  Winston Salem NC 27101
Forsyth County,202000050,3/20/2020,3/26/2020,3/16/2020,Embassy Suites and Benton Convention Center - COVID19,86,460 N Cherry St  Winston Salem NC 27101
Mecklenburg County,202000047,3/26/2020,3/26/2020,3/18/2020,"Alsco, Inc. - COVID19",50,365 Dalton Avenue  Charlotte NC 28217
Mecklenburg County,202000047,3/26/2020,3/26/2020,3/18/2020,"Alsco, Inc. - COVID19",51,4700 Dwight Evans Rd  Charlotte NC 28217
Union County,202000046,3/25/2020,3/26/2020,5/30/2020,"ARAMARK Educational Service of North Carolina, LLC",198,204 East Wilson Street  Wingate NC 28174
Wake County,202000048,3/22/2020,3/26/2020,3/22/2020,Kanki Japanese House of Steaks - COVID19,220,"4325 Glenwood Ave # 1070  Raleigh
NC 27612"
Cabarrus County,202000054,3/27/2020,3/30/2020,4/2/2020,"GREAT LAKES SERVICES LLC dba
Great Wolf Lodge - COVID19",626,"10175 WEDDINGTON ROAD
Concord NC 28027"
Durham County,202000053,3/26/2020,3/30/2020,3/30/2020,"Alsco, Inc. - Durham - COVID19",44,1720 E. Lawson Street  Durham NC 27703
Guilford County,202000056,3/30/2020,3/30/2020,3/30/2020,"National Distribution Centers, LLC COVID19",116,4190 Eagle Hill Drive  High Point NC 27265
Mecklenburg County,202000052,3/30/2020,3/30/2020,3/30/2020,Drive Time COVID19,109,5707 Transport Drive  Charlotte NC 28273
Nash County,202000055,3/26/2020,3/30/2020,3/28/2020,The Cheesecake Factory COVID19,376,6792 Corporation Pkwy  Battleboro NC 27809
Durham County,202000065,3/27/2020,3/31/2020,3/29/2020,Paper Source COVID19,9,"8030 Renaissance Parkway Suite 865
Durham NC 27713"
Forsyth County,202000058,3/28/2020,3/31/2020,3/30/2020,Ahern Rentals COVID19,1,3800 N. Patterson Avenue  Winston Salem NC 27105
Guilford County,202000060,3/31/2020,3/31/2020,3/18/2020,"Cheney Brothers, Inc.",11,407 Westcliff Road  Greensboro NC 27409
Iredell County,202000060,3/31/2020,3/31/2020,3/18/2020,"Cheney Brothers, Inc. COVID19",25,195 Business Park Dr  Statesville NC 28677
Iredell County,202000061,3/31/2020,3/31/2020,4/2/2020,Front Row Motorsports Inc COVID19,73,114 Meadow Hill  Mooresville NC 28117
Mecklenburg County,202000058,3/28/2020,3/31/2020,3/30/2020,Ahern Rentals COVID19,1,2501 Westinghouse Blvd  Charlotte NC 28273
Mecklenburg County,202000065,3/27/2020,3/31/2020,3/29/2020,Paper Source COVID19,6,6800 Phillips Place Ct # B  Charlotte NC 28210
New Hanover County,202000059,3/31/2020,3/31/2020,6/1/2020,FieldCore Service Solutions LLC,261,3901 Castle Hayne Road  Castle Hayne NC 28429
Orange County,202000064,3/23/2020,3/31/2020,3/16/2020,"Collegiate Hotel Group, LLC COVID19",45,311 W. Franklin Street  Chapel Hill NC 27516
Randolph County,202000066,3/26/2020,3/31/2020,4/8/2020,"Lodging by Liberty, Inc. dba Charter Furniture COVID19",104,206 E Frazier Ave  Liberty NC 27298
Wake County,202000058,3/28/2020,3/31/2020,3/30/2020,Ahern Rentals COVID19,1,2506 Yonkers Rd  Raleigh NC 27604
Wake County,202000065,3/27/2020,3/31/2020,3/29/2020,Paper Source COVID19,9,4151 Main at North Hills Street Suite F103 Raleigh NC 27609
Wayne County,202000060,3/31/2020,3/31/2020,3/18/2020,"Cheney Brothers, Inc. COVID19",47,402 Commerce Court  Goldsboro NC 27534
Wake County,202000062,4/1/2020,4/1/2020,4/3/2020,"The Martin-Brower Company, LLC COVID19",18,1400 North Greenfield Parkway Garner NC 27529
Wake County,202000062,4/1/2020,4/1/2020,4/3/2020,"The Martin-Brower Company, LLC COVID19",59,1400 North Greenfield Parkway Garner NC 27529
Durham County,202000063,3/17/2020,4/2/2020,3/18/2020,SPORTSMEDIA TECHNOLOGY CORP COVID19,44,"3511 UNIVERSITY DR  Durham NC
27707-"
Iredell County,202000067,3/27/2020,4/2/2020,3/26/2020,Engineered Sintered Components Company COVID19,292,250 Old Murdock Road  Troutman NC 28166
Guilford County,202000068,3/31/2020,4/3/2020,3/31/2020,Greensboro Country Club COVID19,135,410 Sunset Dr  Greensboro NC 27408
Guilford County,202000068,3/31/2020,4/3/2020,3/31/2020,Greensboro Country Club COVID19,11,5121 Hedrick Drive  Greensboro NC 27400
Buncombe County,202000070,3/26/2020,4/6/2020,3/26/2020,Cinemark Asheville - The Carolina COVID19,59,1640 Hendersonville Road  Asheville NC 28803
Buncombe County,202000071,4/5/2020,4/6/2020,4/5/2020,Sunshine Fitness Management dba Planet Fitness COVID 19,11,2623 Hendersonville Road  Arden NC 28704
Guilford County,202000069,4/3/2020,4/6/2020,4/3/2020,Center For Creative Leadership COVID19,150,1 Leadership Pl  Greensboro NC 27410
Guilford County,202000070,3/26/2020,4/6/2020,3/26/2020,Cinemark Brassfield Cinema Ten COVID19,17,"2101 New Garden Rd # 160
Greensboro NC 27410"
Henderson County,202000071,4/5/2020,4/6/2020,4/5/2020,Sunshine Fitness Management dba Planet Fitness COVID19,11,637 Spartanburg Hwy.  Hendersonville NC 28792
Mecklenburg County,202000070,3/26/2020,4/6/2020,3/26/2020,Cinemark Movie Bistro Chrltt COVID19,48,9630 Monroe Rd  Charlotte NC 28270
Mecklenburg County,202000070,3/26/2020,4/6/2020,3/26/2020,Cinemark Movies 10 COVID19,15,9508 Northeast Pkwy  Matthews NC 28105
Mecklenburg County,202000071,4/5/2020,4/6/2020,4/5/2020,Sunshine Fitness Management dba Planet Fitness COVID19,11,10215 B South Blvd.  Charlotte NC 28213
Mecklenburg County,202000071,4/5/2020,4/6/2020,4/5/2020,Sunshine Fitness Management dba Planet Fitness COVID19,11,19706 One Norman Blvd.  Cornelius NC 28031
Mecklenburg County,202000071,4/5/2020,4/6/2020,4/5/2020,Sunshine Fitness Management dba Planet Fitness COVID19,11,2200 Coronation Blvd.  Charlotte NC 28227
Mecklenburg County,202000071,4/5/2020,4/6/2020,4/5/2020,Sunshine Fitness Management dba Planet Fitness COVID19,11,"2401 Whitehall Park Drive Suite 500
Charlotte NC 28273"
Mecklenburg County,202000071,4/5/2020,4/6/2020,4/5/2020,Sunshine Fitness Management dba Planet Fitness COVID19,11,3301 Freedom Drive  Charlotte NC 282208
Mecklenburg County,202000071,4/5/2020,4/6/2020,4/5/2020,Sunshine Fitness Management dba Planet Fitness COVID19,11,5404 Central Avenue  Charlotte NC 28212
Mecklenburg County,202000071,4/5/2020,4/6/2020,4/5/2020,Sunshine Fitness Management dba Planet Fitness COVID19,11,6025 South Blvd.  Charlotte NC 28217
Mecklenburg County,202000071,4/5/2020,4/6/2020,4/5/2020,Sunshine Fitness Management dba Planet Fitness COVID19,12,8700 Pineville Matthews Rd  Charlotte NC 28226
Mecklenburg County,202000077,3/27/2020,4/6/2020,3/27/2020,Crowne Plaza Charlotte COVID19,85,5700 Westpark Dr  Charlotte NC 28217
Randolph County,202000070,3/26/2020,4/6/2020,3/26/2020,Cinemark Asheboro COVID19,20,400 Randolph Mall  Asheboro NC 27203
Rowan County,202000070,3/26/2020,4/6/2020,3/26/2020,Cinemarktinseltown USA COVID19,30,305 Faith Rd  Salisbury NC 28146
Rutherford County,202000071,4/5/2020,4/6/2020,4/5/2020,Sunshine Fitness Management dba Planet Fitness COVID19,11,330 Spindale Plaza Drive  Spindale NC 28160
Wake County,202000070,3/26/2020,4/6/2020,3/26/2020,Cinemark Raleigh Grande Covid19,82,4840 Grove Barton Rd  Raleigh NC 27613
Alamance County,202000073,3/23/2020,4/7/2020,3/20/2020,Hooters COVID19,30,3122 Garden Rd  Burlington NC 27215
Buncombe County,202000076,4/7/2020,4/7/2020,3/21/2020,Catawba Valley Brewing Co COVID19,12,32 Banks Avenue  Asheville NC 28801
Buncombe County,202000076,4/7/2020,4/7/2020,3/21/2020,Catawba Valley Brewing Co COVID19,13,63 Brooks Street  Asheville NC 28803
Burke County,202000076,4/7/2020,4/7/2020,3/21/2020,Catawba Valley Brewing Co COVID19,13,212 S Green St  Morganton NC 28655
Cabarrus County,202000073,3/23/2020,4/7/2020,3/20/2020,Hooters COVID19,30,7702 Gateway Ln NW  Concord NC 28027
Catawba County,202000073,3/23/2020,4/7/2020,3/20/2020,Hooters COVID19,30,1211 13th Avenue Dr SE  Hickory NC 28602
Cumberland County,202000073,3/23/2020,4/7/2020,3/20/2020,Hooters COVID19,30,501 N Mcpherson Church Rd Fayetteville NC 28303
Durham County,202000079,3/19/2020,4/7/2020,3/19/2020,Uncle Julio's COVID19,100,"8030 Renaissance Pkwy # 885
Durham NC 27713"
Gaston County,202000073,3/23/2020,4/7/2020,3/20/2020,Hooters COVID19,29,3725 E Franklin Blvd  Gastonia NC 28056
Gaston County,202000074,4/3/2020,4/7/2020,3/30/2020,Keystone Powdered Metal Co COVID19,55,100 Commerce Dr  Cherryville NC 28021
Guilford County,202000073,3/23/2020,4/7/2020,3/20/2020,Hooters COVID19,30,3031 W Gate City Blvd  Greensboro NC 27403
Iredell County,202000073,3/23/2020,4/7/2020,3/20/2020,Hooters COVID19,29,132 Gallery Center Dr  Mooresville NC 28117
Iredell County,202000080,3/31/2020,4/7/2020,4/4/2020,Doosan Infracore International COVID19,221,1293 Glenway Drive  Statesville NC 28625
Mecklenburg County,202000073,3/23/2020,4/7/2020,3/20/2020,Hooters COVID19,29,9807 South Blvd  Charlotte NC 28273
Mecklenburg County,202000073,3/23/2020,4/7/2020,3/20/2020,Hooters COVID19,30,123 W Trade St  Charlotte NC 28202
Mecklenburg County,202000076,4/7/2020,4/7/2020,3/21/2020,Catawba Valley Brewing Co COVID19,13,933 Louise Avenue  Charlotte NC 28204
New Hanover County,202000073,3/23/2020,4/7/2020,3/20/2020,Hooters COVID19,30,5112 Market St  Wilmington NC 28405
Onslow County,202000073,3/23/2020,4/7/2020,3/20/2020,Hooters COVID19,30,463 Western Blvd  Jacksonville NC 28546
Pitt County,202000073,3/23/2020,4/7/2020,3/20/2020,Hooters COVID19,29,316 SW Greenville Blvd  Greenville NC 27834
Wake County,202000073,3/23/2020,4/7/2020,3/20/2020,Hooters COVID19,30,1001 Claren Cir  Morrisville NC 27560
Wake County,202000073,3/23/2020,4/7/2020,3/20/2020,Hooters COVID19,30,4206 Wake Forest Rd  Raleigh NC 27609
Wake County,202000075,4/1/2020,4/7/2020,3/21/2020,Barteca dba Bartaco COVID19,78,"4121 Main At North Hills #105
Raleigh NC 27609"
Rowan County,202000078,4/8/2020,4/8/2020,4/6/2020,"Parkdale Mills (Plant
11) COVID19",110,2701 S Main St  Salisbury NC 28147
Henderson County,202000086,4/6/2020,4/9/2020,4/6/2020,Peak Workforce Solutions COVID19,105,1000 Rockwell Drive  Fletcher NC 28732
Mecklenburg County,202000082,4/8/2020,4/9/2020,3/23/2020,Prospect Airport Services COVID19,112,5501 R C Josh Birmingham Pkwy Charlotte NC 28208
Rutherford County,202000086,4/6/2020,4/9/2020,4/6/2020,Peak Workforce Solutions 9061 COVID19,32,160 Ash Street  Forest City NC 28043
Wake County,202000083,4/9/2020,4/9/2020,3/18/2020,"Jacobsen Daniel's Enterprises, Inc. COVID19",24,2400 John Brantly Blvd.  Morrisville NC 27560
Catawba County,202000085,4/2/2020,4/13/2020,4/1/2020,"Elite Comfort Solutions, LLC COVID19",23,1115 Farrington Street  Conover NC 28613
Duplin County,202000090,4/9/2020,4/13/2020,4/9/2020,"Precision Hydraulic Cylinders, Inc.
COVID19",48,"196 North Highway 41  Beulaville NC
28518"
Forsyth County,202000087,4/9/2020,4/13/2020,4/9/2020,Mitchell Bartlett-Bell COVID19,8,224 Broad St  Kernersville NC 27284
Guilford County,202000087,4/9/2020,4/13/2020,4/9/2020,Mitchell Bartlett-Bell COVID19,13,5314-B W Friendly Avenue Greensboro NC 27410
New Hanover County,202000090,4/9/2020,4/13/2020,4/9/2020,"Precision Hydraulic Cylinders, Inc COVID19.",1,5512 Business Drive  Wilmington NC 28405
Surry County,202000093,4/9/2020,4/13/2020,3/23/2020,"Vitro Automotive Glass/Pittsburgh Glass Works, LLC COVID19",375,300 PGW Drive  Elkin NC 28621
Wake County,202000084,4/13/2020,4/13/2020,4/2/2020,Electro Rent Corporation COVID19,33,3000 RDU Center Drive  Morrisville NC 27560
Catawba County,202000088,4/14/2020,4/15/2020,4/12/2020,ArcelorMittal COVID19,9,2027 McLin Creek Road  Newton NC 28658
Cumberland County,202000091,4/9/2020,4/15/2020,4/1/2020,Beasley Media Group COVID19,4,508 Person Street  Fayetteville NC 28301
Durham County,202000092,4/6/2020,4/15/2020,4/1/2020,Professional Recovery Consultants COVID19,13,"2700 Meridian Parkway Suite 200
Durham NC 27713"
Mecklenburg County,202000091,4/9/2020,4/15/2020,4/1/2020,Beasley Media Group COVID19,38,"1520 South Blvd Ste 300  Charlotte
NC 28203"
Wake County,202000089,4/15/2020,4/15/2020,3/23/2020,NEOMONDE BAKING CO (A CORP) COVID19,27,10235 Chapel Hill Road  Morrisville NC 27560
Cabarrus County,202000094,4/15/2020,4/16/2020,4/16/2020,"Core & Main, LP COVID19",2,75 Odell School Road  Concord NC 28027
Lenoir County,202000094,4/15/2020,4/16/2020,5/1/2020,"Core & Main, LP COVID19",1,"2303 Highway 11, North  Kinston NC
28501"
Mecklenburg County,202000094,4/15/2020,4/16/2020,5/1/2020,"Core & Main, LP COVID19",1,901 Crafters Lane  Pineville NC 28134
Pasquotank County,202000094,4/15/2020,4/16/2020,5/1/2020,"Core & Main, LP COVID19",1,107 Barnhill Road  Elizabeth City NC 27909
Rowan County,202000094,4/15/2020,4/16/2020,4/16/2020,"Core & Main, LP COVID19",7,10230 Statesville  Cleveland NC 27013
Caldwell County,202000097,4/17/2020,4/17/2020,4/20/2020,RPM WOOD FINISHES GROUP INC COVID19,11,3190 Hickory Blvd  Hudson NC 28638
Caldwell County,202000097,4/17/2020,4/17/2020,4/20/2020,RPM WOOD FINISHES GROUP INC COVID19,21,3194 Hickory Blvd  Hudson NC 28638
Guilford County,202000096,4/9/2020,4/17/2020,4/6/2020,Leggett & Platt Incorporated COVID19,173,1629 Blandwood Dr  High Point NC 27260
Lenoir County,202000095,4/15/2020,4/17/2020,4/29/2020,Lenox Corporation COVID19,159,1800 Dobbs Farm Road  Kinston NC 28504
Lincoln County,202000098,4/10/2020,4/17/2020,4/10/2020,"Holston Medical Group,
P.C. COVID19",20,7482 Waterside Crossing  Denver NC 28037
Lincoln County,202000098,4/10/2020,4/17/2020,4/10/2020,"Holston Medical Group,
P.C. COVID19",21,"275 N NC 16 Business Hwy Suite 103
Denver NC 28037"
Mecklenburg County,202000098,4/10/2020,4/17/2020,4/10/2020,"Holston Medical Group,
P.C. COVID19",20,10320 Mallard Creek  Charlotte NC 28262
Mecklenburg County,202000098,4/10/2020,4/17/2020,4/10/2020,"Holston Medical Group,
P.C. COVID19",20,9611 Sherrill Estates Rd.  Huntersville NC 28078
Mecklenburg County,202000098,4/10/2020,4/17/2020,4/10/2020,"Holston Medical Group,
P.C. COVID19",20,9816 Sam Furr Road  Huntersville NC 28078
Mecklenburg County,202000098,4/10/2020,4/17/2020,4/10/2020,"Holston Medical Group,
P.C. COVID19",20,10210 Hickorywood Hill  Huntersville NC 28078
Mecklenburg County,202000098,4/10/2020,4/17/2020,4/10/2020,"Holston Medical Group,
P.C. COVID19",21,"10826 Mallard Creek suite 100
Charlotte NC 28262"
Mecklenburg County,202000098,4/10/2020,4/17/2020,4/10/2020,"Holston Medical Group,
P.C. COVID19",21,3500 Mt. Holly-Huntersville Road Charlotte NC 28216
Catawba County,202000100,4/17/2020,4/22/2020,3/30/2020,Leggett & Platt Distribution COVID19,25,1401 Deborah Herman Road  Conover NC 28613
Guilford County,202000099,4/17/2020,4/22/2020,3/25/2020,"Matrex, a Division of Leggett & Platt Components Company, Inc. COVID19",29,911 Northridge Street  Greensboro NC 27403
Guilford County,202000099,4/17/2020,4/22/2020,3/25/2020,"Matrex, a Division of Leggett & Platt Components Company, Inc. COVID19",72,899 E. Lindsay Street  Greensboro NC 27405
Alexander County,202000101,4/23/2020,4/23/2020,3/29/2020,Carpenter Co. COVID19,70,"2581 NC Highway 90 E  Taylorsville
NC 28681"
Catawba County,202000101,4/23/2020,4/23/2020,3/29/2020,Carpenter Co. COVID19,72,"2009 Keisler Road, SE  Conover NC 28613"
Catawba County,202000101,4/23/2020,4/23/2020,3/29/2020,Carpenter Co. COVID19,72,29 30th St. NW  Hickory NC 28602
Guilford County,202000101,4/23/2020,4/23/2020,3/29/2020,Carpenter Co. COVID19,70,1021 E Springfield Road  High Point NC 27263
Guilford County,202000103,4/24/2020,4/24/2020,4/30/2020,Enterprise Holdings COVID19,141,"4050 Premier Drive, Suite 200  High
Point NC 27265"
Lee County,202000104,4/24/2020,4/24/2020,4/8/2020,"Static Control Components, Inc. COVID19",22,3010 Lee Ave  Sanford NC 27332
Lincoln County,202000102,4/22/2020,4/24/2020,4/22/2020,Husky Rack & Wire COVID19,44,6146 Denver Industrial Park Rd. Denver NC 28037
Mecklenburg County,202000103,4/24/2020,4/24/2020,4/30/2020,Enterprise Holdings COVID19,53,8335 IBM Drive  Charlotte NC 28262
Mecklenburg County,202000103,4/24/2020,4/24/2020,4/30/2020,Enterprise Holdings COVID19,90,5489 R C Josh Birmingham Pkwy. Charlotte NC 28214
Mecklenburg County,202000103,4/24/2020,4/24/2020,4/30/2020,Enterprise Holdings COVID19,128,5715 West Park Drive  Charlotte NC 28217
New Hanover County,202000103,4/24/2020,4/24/2020,4/30/2020,Enterprise Holdings COVID19,233,3147 S. 17th  Street  Wilmington NC 28412
Wake County,202000103,4/24/2020,4/24/2020,4/30/2020,Enterprise Holdings COVID19,57,1001 Rental Car Drive  Morrisville NC 27560
Wake County,202000103,4/24/2020,4/24/2020,4/30/2020,Enterprise Holdings COVID19,69,1008 Rental Car Drive  Morrisville NC 27560
Wake County,202000103,4/24/2020,4/24/2020,4/30/2020,Enterprise Holdings COVID19,113,4817 Hargrove Road  Raleigh NC 27617
Wilkes County,202000105,4/27/2020,4/27/2020,4/8/2020,"Plycem, USA LLC dba Allura COVID19",4,1149 ABTCO RD  North Wilkesboro NC 28659
Guilford County,202000106,4/24/2020,4/29/2020,3/12/2020,Atrium Hospitality - Embassy Suites by Hilton GreensboroCOVID19,102,204 Centreport Drive  Greensboro NC 27409
Mecklenburg County,202000106,4/24/2020,4/29/2020,3/12/2020,Atrium Hospitality  - Charlotte Hilton AirportCOVID19,95,2400 Cascade Pointe Boulevard Charlotte NC 28208
Wake County,202000106,4/24/2020,4/29/2020,3/12/2020,Atrium Hospitality  - Embassy Suites by Hilton Raleigh Durham COVID19,91,201 Harrison Oaks Blvd  Cary NC 27513
Catawba County,202000107,4/30/2020,4/30/2020,4/30/2020,Tb Arhaus COVID19,32,Highland Highway SE  Hickory NC 28602
Catawba County,202000107,4/30/2020,4/30/2020,4/30/2020,Tb Arhaus COVID19,33,1211 Keisler Rd NW  Conover NC 28613
Alamance County,202000109,4/27/2020,5/1/2020,4/27/2020,"OS Restaurant Services, LLC dba BloominBrands, Inc. Outback Burlington COVID19",72,2735 Longpine Road  Burlington NC 27215
Buncombe County,202000109,4/27/2020,5/1/2020,4/27/2020,"OS Restaurant Services, LLC dba BloominBrands, Inc. - Bonefish Asheville COVID19",32,105 C. River Hills Road  Asheville NC 28805
Buncombe County,202000109,4/27/2020,5/1/2020,4/27/2020,"OS Restaurant Services, LLC dba BloominBrands, Inc. Carrabba's Arden COVID19",56,332 Rockwood Road  Arden NC 28704
Buncombe County,202000109,4/27/2020,5/1/2020,4/27/2020,"OS Restaurant Services, LLC dba BloominBrands, Inc. Carrabba's Asheville COVID19",52,10 Buckstone Place  Asheville NC 28805
Buncombe County,202000109,4/27/2020,5/1/2020,4/27/2020,"OS Restaurant Services, LLC dba BloominBrands, Inc. Outback Asheville COVID19",65,30 Tunnel Road  Asheville NC 28805
Cabarrus County,202000109,4/27/2020,5/1/2020,4/27/2020,"OS Restaurant Services, LLC dba BloominBrands, Inc. Bonefish Concord COVID19",68,8503 Concord Mills Boulevard Concord NC 28027
Cabarrus County,202000109,4/27/2020,5/1/2020,4/27/2020,"OS Restaurant Services, LLC dba BloominBrands, Inc. Carraba's Concord COVID19",64,7900 Lyles Lane  Concord NC 28027
Cabarrus County,202000109,4/27/2020,5/1/2020,4/27/2020,"OS Restaurant Services, LLC dba BloominBrands, Inc. Outback Concord COVID19",80,8507 Concord Mills Boulevard Concord NC 28027
Cabarrus County,202000110,4/24/2020,5/1/2020,3/12/2020,Atrium Hospitality- Concord Embassy Suites COVID19,155,5400 John Q. Hammons Dr. NW Concord NC 28027
Catawba County,202000109,4/27/2020,5/1/2020,4/27/2020,"OS Restaurant Services, LLC dba BloominBrands, Inc. Carrabba's Hickory COVID19",54,1954 13th Avenue Drive  Hickory NC 28105
Catawba County,202000109,4/27/2020,5/1/2020,4/27/2020,"OS Restaurant Services, LLC dba BloominBrands, Inc. Outback Hickory COVID19",92,1435 13th Avenue Drive  Hickory NC 28105
Craven County,202000109,4/27/2020,5/1/2020,4/27/2020,"OS Restaurant Services, LLC dba BloominBrands, Inc. Outback New Bern COVID19",66,111 Howell Road  New Bern NC 28562
Cumberland County,202000109,4/27/2020,5/1/2020,4/27/2020,"OS Restaurant Services, LLC dba BloominBrands, Inc. Bonefish Fayetteville COVID19",48,210 Glensford Drive  Fayetteville NC 28314
Cumberland County,202000109,4/27/2020,5/1/2020,4/27/2020,"OS Restaurant Services, LLC dba BloominBrands, Inc. Carrabba's Fayetteville COVID19",68,4209 Sycamore Dairy Road Fayetteville NC 28303
Cumberland County,202000109,4/27/2020,5/1/2020,4/27/2020,"OS Restaurant Services, LLC dba BloominBrands, Inc.Outback Fayetteville COVID19",73,505 North McPherson Church Road Fayetteville NC 28303
Dare County,202000109,4/27/2020,5/1/2020,4/27/2020,"OS Restaurant Services, LLC dba BloominBrands, Inc. Outback Nags Head COVID19",35,5220 South Croatan Highway  Nags Head NC 27959
Davidson County,202000108,5/1/2020,5/1/2020,5/12/2020,Norfolk Southern Railway Co. - Linwood Terminal COVID19,85,5281 Southern Station RR Station Linwood NC 27299
Durham County,202000109,4/27/2020,5/1/2020,4/27/2020,"OS Restaurant Services, LLC dba BloominBrands, Inc. - Bonefish Durham COVID19",57,"7820 NC Highway 751  Durham NC
27713"
Durham County,202000109,4/27/2020,5/1/2020,4/27/2020,"OS Restaurant Services, LLC dba BloominBrands, Inc. Carrabba's Durham COVID19",48,5312 New Hope Commons  Durham NC 27707
Durham County,202000109,4/27/2020,5/1/2020,4/27/2020,"OS Restaurant Services, LLC dba BloominBrands, Inc. Outback Durham COVID19",90,3500 Mount Moriah Road  Durham NC 27707
Forsyth County,202000109,4/27/2020,5/1/2020,4/27/2020,"OS Restaurant Services, LLC dba BloominBrands, Inc. Carrabba's Winston Salem COVID19",43,587 South Stratford Road  Winston- Salem NC 27103
Forsyth County,202000109,4/27/2020,5/1/2020,4/27/2020,"OS Restaurant Services, LLC dba BloominBrands, Inc. COVID19",37,300 South Stratford Road  Winston- Salem NC 27103
Forsyth County,202000109,4/27/2020,5/1/2020,4/27/2020,"OS Restaurant Services, LLC dba BloominBrands, Inc. Outback Winston- Salem COVID19",99,505 Highland Oaks Drive  Winston- Salem NC 27103
Gaston County,202000109,4/27/2020,5/1/2020,4/27/2020,"OS Restaurant Services, LLC dba BloominBrands, Inc.Outback Gastonia COVID19",71,501 North New Hope Road  Gastonia NC 28054
Guilford County,202000109,4/27/2020,5/1/2020,4/27/2020,"OS Restaurant Services, LLC dba BloominBrands, Inc. Carraba's Greensboro COVID19",63,3200 West Gate City Boulevard Greensboro NC 27407
Guilford County,202000109,4/27/2020,5/1/2020,4/27/2020,"OS Restaurant Services, LLC dba BloominBrands, Inc. Fleming's Greensboro COVID19",54,3342 West friendly Avenue Greensboro NC 27410
Guilford County,202000109,4/27/2020,5/1/2020,4/27/2020,"OS Restaurant Services, LLC dba BloominBrands, Inc. Outback Greensboro COVID19",71,1611 Westover Terrace  Greensboro NC 27408
Guilford County,202000109,4/27/2020,5/1/2020,4/27/2020,"OS Restaurant Services, LLC dba BloominBrands, Inc. Outback Greensboro COVID19",92,4518 West Wendover Avenue Greensboro NC 27407
Guilford County,202000109,4/27/2020,5/1/2020,4/27/2020,"OS Restaurant Services, LLC dba BloominBrands, Inc. Outback Highpoint COVID19",85,260 East Parris Avenue  High Point NC 27262
Guilford County,202000109,4/27/2020,5/1/2020,4/27/2020,"OS Restaurant Services, LLC dba BloomingBrands, Inc.  - Bonefish Greensboro COVID19",56,2100 Koury Boulevard  Greensboro NC 27407
Henderson County,202000109,4/27/2020,5/1/2020,4/27/2020,"OS Restaurant Services, LLC dba BloominBrands, Inc. Outback Hendersonville COVID19",83,250 Mitchelle Drive  Hendersonville NC 28792
Iredell County,202000109,4/27/2020,5/1/2020,4/27/2020,"OS Restaurant Services, LLC dba BloominBrands, Inc. Outback Mooresville COVID19",81,592 River Highway  Mooresville NC 28117
Iredell County,202000109,4/27/2020,5/1/2020,4/27/2020,"OS Restaurant Services, LLC dba BloominBrands, Inc. Outback Statesville COVID19",75,979 Folger Drive  Statesville NC 28625
Johnston County,202000109,4/27/2020,5/1/2020,4/27/2020,"OS Restaurant Services, LLC dba BloominBrands, Inc. Outback Smithfield COVID19",84,911 Outlet Center Drive  Smithfield NC 27577
Mecklenburg County,202000109,4/27/2020,5/1/2020,4/27/2020,"OS Restaurant Services, LLC dba BloominBrands, Inc. - Bonefish Huntersville COVID19",57,8805 Townley Road  Huntersville NC 28078
Mecklenburg County,202000109,4/27/2020,5/1/2020,4/27/2020,"OS Restaurant Services, LLC dba BloominBrands, Inc. - Bonefish Matthews COVID19",65,10056 East Independence Blvd Matthews NC 28105
Mecklenburg County,202000109,4/27/2020,5/1/2020,4/27/2020,"OS Restaurant Services, LLC dba BloominBrands, Inc. Carrabba's  Huntersville COVID19",57,16408 Northcross Drive  Huntersville NC 28078
Mecklenburg County,202000109,4/27/2020,5/1/2020,4/27/2020,"OS Restaurant Services, LLC dba BloominBrands, Inc. Carrabba's Matthews COVID19",48,10408 East Independence Boulevard Matthews NC 28105
Mecklenburg County,202000109,4/27/2020,5/1/2020,4/27/2020,"OS Restaurant Services, LLC dba BloominBrands, Inc. COVID19",40,7520 Pineville Matthews Road Charlotte NC 28226
Mecklenburg County,202000109,4/27/2020,5/1/2020,4/27/2020,"OS Restaurant Services, LLC dba BloominBrands, Inc. Fleming's Charlotte COVID19",48,210 East Trade Street  Charlotte NC 28202
Mecklenburg County,202000109,4/27/2020,5/1/2020,4/27/2020,"OS Restaurant Services, LLC dba BloominBrands, Inc. Outback Charlotte COVID19",64,8338 Pineville Matthews Road Charlotte NC 28226
Mecklenburg County,202000109,4/27/2020,5/1/2020,4/27/2020,"OS Restaurant Services, LLC dba BloominBrands, Inc. Outback Charlotte COVID19",71,8405 Ikea Boulevard  Charlotte NC 28262
Mecklenburg County,202000109,4/27/2020,5/1/2020,4/27/2020,"OS Restaurant Services, LLC dba BloominBrands, Inc. Outback Huntersville COVID19",71,16400 North Cross Drive  Huntersville NC 28078
Mecklenburg County,202000109,4/27/2020,5/1/2020,4/27/2020,"OS Restaurant Services, LLC dba BloominBrands, Inc. Outback Matthews COVID19",79,9623 East Independence Boulevard Matthews NC 28105
Mecklenburg County,202000109,4/27/2020,5/1/2020,4/27/2020,"OS Restaurant Services, LLC dba BloominBrands, Inc.Outback Charlotte COVID19",56,"1412 East Boulevard, Suite A Charlotte NC 28203"
Moore County,202000109,4/27/2020,5/1/2020,4/27/2020,"OS Restaurant Services, LLC dba BloominBrands, Inc. COVID19",49,190 Partner Circle  Southern Pines NC 28387
Moore County,202000109,4/27/2020,5/1/2020,4/27/2020,"OS Restaurant Services, LLC dba BloominBrands, Inc. Outback Southern Pines COVID19",65,100 Southern Road  Southern Pines NC 28387
Nash County,202000109,4/27/2020,5/1/2020,4/27/2020,"OS Restaurant Services, LLC dba BloominBrands, Inc. Outback Rocky Mount COVID19",87,210 Gateway Boulevard  Rocky Mount NC 27804
New Hanover County,202000109,4/27/2020,5/1/2020,4/27/2020,"OS Restaurant Services, LLC dba BloominBrands, Inc. Carraba's Wilmington COVID19",59,15 Van Campen Boulevard Wilmington NC 28403
New Hanover County,202000109,4/27/2020,5/1/2020,4/27/2020,"OS Restaurant Services, LLC dba BloominBrands, Inc. COVID19",43,"4719 New Centre Drive, Unit #K Wilmington NC 28405"
New Hanover County,202000109,4/27/2020,5/1/2020,4/27/2020,"OS Restaurant Services, LLC dba BloominBrands, Inc. Outback Wilmington COVID19",87,302 South College Road  Wilmington NC 28403
Onslow County,202000109,4/27/2020,5/1/2020,4/27/2020,"OS Restaurant Services, LLC dba BloominBrands, Inc. Outback Jacksonville COVID19",61,1045 Western Boulevard  Jacksonville NC 28546
Pitt County,202000109,4/27/2020,5/1/2020,4/27/2020,"OS Restaurant Services, LLC dba BloominBrands, Inc. Bonefish Greenville COVID19",47,3616 South Memorial Drive  Greenville NC 27834
Pitt County,202000109,4/27/2020,5/1/2020,4/27/2020,"OS Restaurant Services, LLC dba BloominBrands, Inc. Outback Greenville COVID19",77,606 Southwest Greenville Blvd. Greenville NC 27834
Robeson County,202000109,4/27/2020,5/1/2020,4/27/2020,"OS Restaurant Services, LLC dba BloominBrands, Inc. Outback Lumberton COVID19",89,223 Wintergreen Drive  Lumberton NC 28358
Rowan County,202000109,4/27/2020,5/1/2020,4/27/2020,"OS Restaurant Services, LLC dba BloominBrands, Inc. Outback Salisbury COVID19",63,1020 East Innes Street  Salisbury NC 28144
Wake County,202000109,4/27/2020,5/1/2020,4/27/2020,"OS Restaurant Services, LLC dba BloominBrands, Inc. - Bonefish Cary COVID19",60,2060 Renaissance Park Place  Cary NC 27513
Wake County,202000109,4/27/2020,5/1/2020,4/27/2020,"OS Restaurant Services, LLC dba BloominBrands, Inc. Carrabba's Apex COVID19",55,1201 Haddon Hall Drive  Apex NC 27502
Wake County,202000109,4/27/2020,5/1/2020,4/27/2020,"OS Restaurant Services, LLC dba BloominBrands, Inc. Carrabba's Raleigh COVID19",65,4821 Capital Boulevard  Raleigh NC 27616
Wake County,202000109,4/27/2020,5/1/2020,4/27/2020,"OS Restaurant Services, LLC dba BloominBrands, Inc. COVID19",49,4421 Six forks Road Suite 122 Raleigh NC 27609
Wake County,202000109,4/27/2020,5/1/2020,4/27/2020,"OS Restaurant Services, LLC dba BloominBrands, Inc. Fleming's Raleigh COVID19",50,"4325 Glenwood Avenue Suite #5004
Raleigh NC 27612"
Wake County,202000109,4/27/2020,5/1/2020,4/27/2020,"OS Restaurant Services, LLC dba BloominBrands, Inc. Outback Cary COVID19",93,901 Walnut Street  Cary NC 27511
Wake County,202000109,4/27/2020,5/1/2020,4/27/2020,"OS Restaurant Services, LLC dba BloominBrands, Inc. Outback Garner COVID19",56,845 US Highway 70 West  Garner NC 27529
Wake County,202000109,4/27/2020,5/1/2020,4/27/2020,"OS Restaurant Services, LLC dba BloominBrands, Inc. Outback Raleigh COVID19",48,3105 Capital Boulevard  Raleigh NC 27604
Wake County,202000109,4/27/2020,5/1/2020,4/27/2020,"OS Restaurant Services, LLC dba BloominBrands, Inc. Outback Raleigh COVID19",99,7500 Creedmoor Road  Raleigh NC 27613
Watauga County,202000109,4/27/2020,5/1/2020,4/27/2020,"OS Restaurant Services, LLC dba BloominBrands, Inc. Outback Blowing Rock COVID19",60,8280 Valley Boulevard  Blowing Rock NC 28605
Wayne County,202000109,4/27/2020,5/1/2020,4/27/2020,"OS Restaurant Services, LLC dba BloominBrands, Inc. Outback Goldsboro COVID19",52,2617 North Park Drive  Goldsboro NC 27534
Alexander County,202000111,4/30/2020,5/4/2020,4/30/2020,Mitchell Gold Co. dba Mitchell Gold + Bob Williams COVID19,70,135 One Comfortable Place Taylorsville NC 28681
Alexander County,202000111,4/30/2020,5/4/2020,4/30/2020,Mitchell Gold Co. dba Mitchell Gold + Bob Williams COVID19,70,375 Sharpe Lane  Hiddenite NC 28636
Iredell County,202000111,4/30/2020,5/4/2020,4/30/2020,Mitchell Gold Co. dba Mitchell Gold + Bob Williams COVID19,70,125 LuLu Lane  Statesville NC 28625
Wake County,202000112,5/1/2020,5/4/2020,4/24/2020,Marriott Raleigh City Center COVID19,151,500 Fayetteville Street  Raleigh NC 27601
Wake County,202000113,4/24/2020,5/6/2020,4/14/2020,THE HERTZ CORPORATION COVID19,71,1017 Rental Car Drive  Morrisville NC 27560
Cumberland County,202000114,4/3/2020,5/7/2020,4/3/2020,Asbury Automotive Group (Crown Dodge Ram of Fayetteville) COVID19,14,436 North McPherson Church Road Fayetteville NC 28303
Cumberland County,202000114,4/3/2020,5/7/2020,4/3/2020,Asbury Automotive Group (Crown Ford) COVID19,24,256 Swain Street  Fayetteville NC 28303
Cumberland County,202000130,5/7/2020,5/7/2020,4/24/2020,On-Board PMO COVID19,51,22824 NC Hwy 87 W  Fayetteville NC 28306
Durham County,202000114,4/3/2020,5/7/2020,4/3/2020,Asbury Automotive Group (Crown Honda of Southpoint) COVID19,57,1001 Southpoint Auto Park Boulevard Durham NC 27713
Guilford County,202000114,4/3/2020,5/7/2020,4/3/2020,Asbury Automotive Group (Crown Acura) COVID19,7,3908 West Wendover Avenue Greensboro NC 27407
Guilford County,202000114,4/3/2020,5/7/2020,4/3/2020,Asbury Automotive Group (Crown BMW) COVID19,16,3902 West Wendover Avenue Greensboro NC 27407
Guilford County,202000114,4/3/2020,5/7/2020,4/3/2020,"Asbury Automotive Group (Crown Chrysler, Dodge, Jeep Ram)COVID19",18,3710 West Wendover Avenue Greensboro NC 27407
Guilford County,202000114,4/3/2020,5/7/2020,4/3/2020,Asbury Automotive Group (Crown Honda) COVID19,26,3633 West Wendover Avenue Greensboro NC 27407
Guilford County,202000114,4/3/2020,5/7/2020,4/3/2020,Asbury Automotive Group (Crown Nissan) COVID19,22,3900 West Wendover Avenue Greensboro NC 27407
Guilford County,202000114,4/3/2020,5/7/2020,4/3/2020,Asbury Automotive Group (Crown Volvo) COVID19,6,3604 West Wendover Avenue Greensboro NC 27407
Guilford County,202000118,5/7/2020,5/8/2020,5/18/2020,Slane Hosiery Mills COVID19,144,313 S Centennial Street  High Point NC 27260
Guilford County,202000118,5/7/2020,5/8/2020,5/18/2020,Slane Hosiery Mills COVID19,144,550 W. Fairfield Road  High Point NC 27263
Haywood County,202000115,4/2/2020,5/8/2020,4/2/2020,"Consolidated Metco., Inc. COVID19",178,171 Great Oak Drive  Canton NC 28716
Iredell County,202000116,5/8/2020,5/8/2020,5/17/2020,Cox Automotive COVID19,279,145 Auction Lane  Statesville NC 28625
Johnston County,202000116,5/8/2020,5/8/2020,5/17/2020,Cox Automotive COVID19,123,318 Bagley Road  Kenly NC 27542
Mecklenburg County,202000117,3/27/2020,5/8/2020,3/27/2020,Deephaven Mortgage LLC COVID19,95,"3530 Toringdon Way Suite 200
Charlotte NC 28277"
Rowan County,202000119,5/11/2020,5/11/2020,4/9/2020,Granges Americas Inc. COVID19,139,1709 Jake Alexander Blvd.  Salisbury NC 28146
New Hanover County,202000120,4/29/2020,5/13/2020,4/30/2020,"Southern Industrial Constructors, Inc. dba General Electric Aviation COVID19",64,3901 Castle Hayne Road  Wilmington NC 28401
Sampson County,202000121,5/14/2020,5/13/2020,7/20/2020,Brooks Brothers Group Inc. dba Garland Shirt Factory COVID19,146,120 S. Church Avenue  Garland NC 28441
Forsyth County,202000122,5/15/2020,5/18/2020,7/10/2020,Franklin Products Inc. COVID19,5,693 Blue Rock Court  Winston Salem NC 27103
Wake County,202000123,5/15/2020,5/18/2020,5/15/2020,"Pyramid Raleigh Management, LLC dba Hilton Raleigh North Hills COVID19",94,3415 Wake Forest Road  Raleigh NC 27609
Mecklenburg County,202000125,5/2/2020,5/20/2020,3/18/2020,Barcelona Wine Bar COVID19,64,"101 W. Worthington Ave. Suite 110
Charlotte NC 28203"
Wake County,202000124,5/2/2020,5/20/2020,3/18/2020,Barcelona Wine Bar COVID19,51,430 West Martin Street  Raleigh NC 27601
Durham County,202000127,5/22/2020,5/22/2020,5/10/2020,21c Museum Hotel COVID19,124,111 N. Corcoran St.  Durham NC 27701
Mecklenburg County,202000126,5/18/2020,5/22/2020,7/20/2020,PolyOne Corporation COVID19,4,13827 Carowinds Boulevard Suite A Charlotte NC 28134
Mecklenburg County,202000126,5/18/2020,5/22/2020,7/20/2020,PolyOne Corporation COVID19,34,10021 Rodney Street  Pineville NC 28134
Moore County,202000128,5/18/2020,5/27/2020,7/15/2020,"VSM-Rostra, LLC COVID19",8,"3056 NC Highway 5  Aberdeen NC
28315"
Mitchell County,202000129,5/27/2020,5/28/2020,5/27/2020,BRP US INC COVID19,88,1211 Greenwood Rd  Spruce Pine NC 28777
Mecklenburg County,202000131,6/3/2020,6/3/2020,3/21/2020,"The Ritz-Carlton Hotel Co LLC, dba the Ritz- Carlton, Charlotte COVID19",207,201 E. Trade Street  Charlotte NC 28202
Mecklenburg County,202000132,5/22/2020,6/3/2020,5/21/2020,"Charlotte Management LLC, dba Sheraton/Le Meridien Charlotte COVID19",65,1555 S. McDowell Street North Tower Charlotte NC 28204
Mecklenburg County,202000133,6/4/2020,6/4/2020,3/18/2020,Starwood-Charlotte Mgmt LLC dba The Westin Charlotte COVID19,276,601 South College Street  Charlotte NC 28202
Mecklenburg County,202000134,6/5/2020,6/5/2020,3/21/2020,"Marriott Hotel Service, Inc. dba Charlotte Marriott SouthPark COVID19",82,2200 Rexford Road  Charlotte NC 28211
Mecklenburg County,202000135,6/5/2020,6/5/2020,3/21/2020,"Renaissance Hotel Operating Co., dba The Renaissance Charlotte SouthPark Hotel COVID19",106,5501 Carnegie Blvd.  Charlotte NC 28209
Stanly County,202000136,6/9/2020,6/9/2020,4/20/2020,Michelin COVID19,335,40589 S Stanly School Rd  Norwood NC 28128
Cumberland County,202000137,6/12/2020,6/15/2020,6/15/2020,DynCorp International LLC (DI),64,Fort Bragg  Fort Bragg NC 28310
Forsyth County,202000138,6/15/2020,6/15/2020,6/30/2020,Potterwyx Scented Candles & Soaps COVID19,1,1351 Lewisville Clemmons Rd Lewisville NC 27023
Mecklenburg County,202000139,6/8/2020,6/16/2020,3/16/2020,Charlotte Marriott City Center COVID19,222,100 West Trade Street  Charlotte NC 28202
Lee County,202000140,6/17/2020,6/17/2020,8/17/2020,GKN DRIVELINE NORTH AMERICA INC,36,4901 Womack Road  Sanford NC 27330
Chatham County,202000141,6/19/2020,6/19/2020,6/27/2020,Rizzo Center and Carolina Inn COVID19,85,150 DuBose Home Ln McLean Hall Chapel Hill NC 27517
Cumberland County,202000142,6/26/2020,6/29/2020,8/28/2020,General Dynamics Information Technology,160,4200 Morgantown Road  Fayetteville NC 28310
Onslow County,202000143,6/29/2020,6/30/2020,8/28/2020,Amentum,100,Holcomb Boulevard Building 18 Camp Lejeune NC 28547
Guilford County,202000144,7/1/2020,7/1/2020,7/1/2020,Guilford College COVID19,45,5800 W. Friendly Ave.  Greensboro NC 27410
Forsyth County,202000145,6/29/2020,7/6/2020,7/6/2020,KHRG (Kimpton Cardinal Hotel) COVID19,77,401 N Main Street  Winston Salem NC 27101
Orange County,202000146,7/7/2020,7/7/2020,7/11/2020,Hyatt Corporation dba Carolina Inn COVID19,217,211 Pittsboro Street  Chapel Hill NC 27516
