Company,Company Address,Company Address - 2,City/Town,State,Zip,Contact,Contact Phone Number,Ext,Employees Affected,Notice Date,Impact Date,Location City,Location State,Closure,Layoff,Permanent Reduction,Realignment,Collective Bargaining Unit,Region
The Alexandrian Hotel,480 King Street,,Alexandria,VA,22314,Nicole Pinkham,(703) 842-2766,,59,6/19/2020,6/11/2020,Alexandria,VA,No,Yes,No,No,,Northern
Hyatt Regency Tysons Corner Center,*Due to COVID-19,7901 Tysons One Place,Tysons Corner,VA,22102,Jon  Davenhall ,(703) 848 -6300,,54,6/19/2020,3/22/2020,Tysons Corner,VA,No,Yes,No,No,,Northern
The Ritz Carlton Tysons Corner,*Due to COVID-19,1700 Tysons Blvd,McLean,VA,22102,Meredith  Miller,(703) 917-5714,,344,6/5/2020,3/21/2020,McLean,VA,No,Yes,No,No,,Northern
Joy Global Underground Mining (Komatsu Mining Corp. Group),1081 Hockman Pike,,Bluefield,VA,24605,Pam  Seals,(276) 431-6202,,71,6/5/2020,6/5/2020,Bluefield,VA,No,Yes,No,No,,Western
Marriott -Crystal City at Reagan National Airport,*Due to COVID-19,1999 Richmond Highway,Arlington,VA,22202,Sabrina Thompson-Huntzinger,(703) 413-6553,,176,6/5/2020,3/16/2020,Arlington,VA,No,Yes,No,No,,Northern
Marriott-Crystal Gateway,*Due to COVID-19,1700 Richmond Highway,Arlington,VA,22202,Sabrina  Thompson-Huntzinger,(703) 271-5134,,308,6/5/2020,3/16/2020,Arlington,VA,No,Yes,No,No,,Northern
Marriott-Westfields Washington Dulles-,*Due to COVID-19,14750 Conference Center Drive,Chantilly,VA,20151,Rosie  Irwin,(703) 818-3572,,167,6/5/2020,3/18/2020,Chantilly,VA,No,Yes,No,No,,Northern
"Marriott Hotel Services, Inc. ",*Due to COVID-19, 45020 Aviation Drive,Dulles,VA,21066,Rosie  Irwin,(703) 318-6214,,105,6/5/2020,3/18/2020,Dulles,VA,No,Yes,No,No,,Northern
Tysons Corner Marriott,*Due to COVID-19,8028 Leesburg Pike,Vienna,VA,22182,Christine Haag,(571) 474-7921,,120,6/5/2020,3/21/2020,Vienna,VA,No,Yes,No,No,,Northern
Marriott Falls Church Fairview Park,*Due to COVID-19,3111 Fairview Park Drive,Falls Church,VA,22042,Anne Dakins,(703) 846-0222 ,,164,6/4/2020,3/17/2020,Falls Church,VA,No,Yes,No,No,,Northern
Residence Inn Arlington Pentagon City,*Due to COVID-19,550 Army Navy Drive,Arlington,VA,22202,An Vo,(703) 413-6630,,75,6/3/2020,3/17/2020,Arlington,VA,No,Yes,No,No,,Northern
The Ritz Carlton Pentagon City,*Due to COVID-19,1250 South Hayes Street,Arlington,VA,22202,Steven  Gibbs,(703) 412-2743,,240,6/3/2020,3/14/2020,Arlington,VA,No,Yes,No,No,,Northern
Residence Inn Arlington Capital View ,*Due to COVID-19,2850 South Potomac Ave, Arlington ,VA,22202,Esmeralda  Florez-Prieto,(571) 814-4032,,60,6/3/2020,3/14/2020,Arlington,VA,No,Yes,No,No,,Northern
Hyatt Regency-Crystal City,*Due to COVID-19,Hyatt Regency-Crystal City,Arlington,VA,22202,Kevin  Kennedy,(703) 413-6730,,151,6/2/2020,3/13/2020,Arlington,VA,No,Yes,No,No,,Northern
Courtyard (by Marriott) - Arlington Crystal City/Reagan National Airport,*Due to COVID-19,2899 Richmond Highway,Arlington,VA,22202,Virginie  Regent,(703) 338-1599,,68,6/2/2020,3/8/2020,Arlington,VA,No,Yes,No,No,,Northern
Marriott Key Bridge,*Due to COVID-19,1401 Lee Highway,Arlington,VA,22209,Modesta  Ventura, (703) 906-2150,,202,6/2/2020,3/17/2020,Arlington,VA,No,Yes,No,No,,Northern
NortonLifeLock Inc.,350 Ellis Street,,Mountain View,CA,940443,Tracey Bye,(650) 527-5081,,6,6/1/2020,7/1/2020,Herndon,VA,No,Yes,No,No,,Northern
Le Meridien Arlington,*Due to COVID-19,1121 19th St. North,Arlington,VA,22209,Dorothea Samuel,(703) 271-6649,,44,5/29/2020,5/27/2020,Arlington,VA,No,Yes,No,No,,Northern
The Westin - Reston Heights,*Due to COVID-19, 11750 Sunrise Valley Drive,Reston,VA,20191,Viridiana  Jackson,(703) 391-9000,,32,5/27/2020,5/26/2020,Reston,VA,No,Yes,No,No,,Northern
" The Virginian~Pilot Media Companies, LLC ",5429 Greenwich Road,,Virginia Beach,VA,23462,Amanda  LaPietra,(757) 446-2530,,131,5/26/2020,7/26/2020,Virginia Beach,VA,Yes,No,No,No,,Eastern
Hyatt Regency Reston,*Due to COVID-19, 1800 Presidents Street,Reston,VA,20190,Tyson  Warren,(703) 925-8200,,88,5/26/2020,3/17/2020,Reston,VA,No,Yes,No,No,,Northern
 Sheraton Pentagon City ,*Due to COVID-19,900 South Orne Street,Arlington,VA,22204,Dorthea  Samuel,(703) 271-6649,,100,5/26/2020,5/26/2020,Arlington,VA,No,Yes,No,No,,Northern
"Embassy Suites Tysons Corner (Merritt Hospitality, LLC) ",*Due to COVID-19,8517 Leesburg Pike,Vienna,VA,22182,Julie Welch,(703) 883-0707,,42,5/25/2020,5/25/2020,Vienna,VA,No,Yes,No,No,,Northern
Hilton Alexandria Mark Center,*Due to COVID-19,5000 Seminary Road,Alexandria,VA,22311,Greg Langweg,(703) 408-9314,,177,5/22/2020,5/4/2020,Alexandria,VA,No,Yes,No,No,,Northern
Amentum,"4800 Westfields Blvd., Suite 400",,Chantilly,VA,20151,Lina  Mohamed,(703) 995-1350,,40,5/18/2020,6/16/2020,Chantilly ,VA,No,Yes,No,No,,Northern
B. F. Saul Company Hospitality Group (Holiday Inn Dulles),*Due to COVID-19,"7501 Wisconsin Ave., Suite 1500E",Bethesda,MD,20814,Stephanie Ho,(301) 986-6291,,52,5/18/2020,3/24/2020,Sterling,VA,No,Yes,No,No,,Northern
B. F. Saul Company Hospitality Group (Holiday Inn National Airport),*Due to COVID-19,"7501 Wisconsin Ave., Suite 1500E",Bethesda,MD,20814,Stephanie Ho,(301) 986-6291,,52,5/18/2020,3/24/2020,Arlington,VA,No,Yes,No,No,,Northern
B. F. Saul Company Hospitality Group (Doubletree Tysons) ,*Due to Covid-19,"7501 Wisconsin Ave., Suite 1500E",Bethesda,MD,20814,Stephanie Ho,(301) 986-6291,,57,5/18/2020,3/24/2020,McLean,VA,No,Yes,No,No,,Northern
B. F. Saul Company Hospitality Group (Crowne Plaza National Airport),*Due to COVID-19,"7501 Wisconsin Ave., Suite 1500E",Bethesda,MD,20814,Stepahanie Ho,(301) 986-6291,,50,5/18/2020,3/24/2020,Arlington,VA,No,Yes,No,No,,Northern
 Salamander Resort & Spa,500 N. Pendleton Street,,Middleburg,VA,20117,Reggie  Cooper,(540) 326-4101,,225,5/15/2020,3/23/2020,Middleburg,VA,No,Yes,No,No,,Northern
Cerner Corporation,2800 Rock Creek Pkwy,,Kansas City,MO,64117,Erin  Kohler,(816) 201-5186,,1,5/15/2020,7/15/2020,Reston,VA,No,Yes,No,No,,Northern
Hilton Arlington & Towers Hotel,*Due to COVID-19,950 N Stafford Street,Arlington,VA,22203,Ray Green,(703) 812-5122,,98,5/13/2020,5/31/2020,Arlington,VA,No,Yes,No,No,,Northern
Nordstrom,"1700 7th Ave., Suite 1000",,Seattle,WA,98101,Mary Porter,(855) 667-3947,,189,5/12/2020,5/14/2020,Richmond,VA,Yes,No,No,No,,Central
Atrium Hospitality Embassy Suites Hampton,*Due to COVID-19,1700 Coliseum Drive,Hampton,VA,23666,LaToya Williams,(678) 335-6956,1509,130,5/12/2020,3/12/2020,Hampton,VA,No,Yes,No,No,,Eastern
Cox Automotive,*Due to COVID-19,6205-A Peachtree Dunwoody Rd.,Atlanta ,GA,30328,Contance Walters,(678) 645-2220,,149,5/8/2020,5/17/2020,Fredericksburg,VA,No,Yes,No,No,,Eastern
Cox Automotive,*Due to COVID-19,6205-A Peachtree Dunwoody Rd.,Atlanta,GA,30328,Constance Walters,(678) 645-2220,,55,5/8/2020,5/17/2020,Harrisonburg,VA,No,Yes,No,No,,South Central
Medical Faculty Associates,2150 Pennsylvania Ave NW,,Washington,DC,20037,Ali  Abrishami,(202) 677-6531,,117,5/5/2020,7/5/2020,"Arlington, Alexandria & Reston",VA,Yes,No,No,No,,Northern
Shutterfly Inc.,2800 Bridge Parkway,,Redwood City,CA,94065,Rex Buxton,(952) 826-5645,,308,5/4/2020,5/15/2020,Chesapeake,VA,Yes,No,No,No,,Eastern
Cenveo Corporation,"200 First Stamford Place, Second Floor",,Stamford,CT,6902,Gina  Genuario,(203) 595-3016,,184,5/4/2020,5/4/2020,Richmond,VA,Yes,No,No,No,,Central
Barcelona Wine Bar,*Due to COVID-19,12023 Town Square Street,Reston,VA,20190,Belen Ruiz,(203) 854-5600,,66,5/2/2020,3/18/2020,Reston,VA,No,Yes,No,No,,Northern
Marriott Fairfax at Fair Oak,*Due to COVID-19,11787 Lee Jackson Memorial Highway,Fairfax,VA,22033,Laura Warner,(703) 563-4931,,81,5/1/2020,3/21/2020,Fairfax ,VA,No,Yes,No,No,,Northern
Holiday Inn Alexandria Old Town ,*Due to COVID-19,625 First Street,Alexandria ,VA,22314,Laura Warner,(703) 563-4931,,5,4/30/2020,3/23/2020,Alexandria,VA,No,Yes,No,No,,Northern
"Unilin North America, LLC (Mohawk Flooring)",100 Maxine Road,,Danville,VA,24541,Chaquetta Hill ,(434) 793-4647 ,3130,135,4/30/2020,6/30/2020,Danville,VA,Yes,No,No,No,,South Central
Regal Cinemas,*Due to COVID-19,101 E. Blount Avenue,Knoxville,TN,37920,Lorie  Walker,(865) 922-1123,,67,4/29/2020,3/17/2020,Springfield,VA,No,Yes,No,No,,Northern
Bloomin' Brands (Bonefish Grill) ,*Due to COVID-19,"2202 N. West Shore Blvd., 5th Floor",Tampa,FL,33607,Ivette Kaptzan,(813) 282-1225,,116,4/27/2020,3/21/2020,Midlothian & Glen Allen,VA,No,Yes,No,No,,Central
Bloomin' Brands (Fleming's) ,*Due to COVID-19,"2202 N. West Shore Blvd., 5th Floor",Tampa ,FL,33607,Ivette Kaptzan,(813) 282-1225,,40,4/27/2020,3/21/2020,Richmond,VA,No,Yes,No,No,,Central
Bloomin' Brands (Carrabba's Italian Grill) ,*Due to COVID-19,"2202 N. West Shore Blvd., 5th Floor",Tampa,FL,33607,Ivette Kaptzan,(813) 282-1225,,115,4/27/2020,3/21/2020,Richmond & Glen Allen,VA,No,Yes,No,No,,Central
Bloomin' Brands (Bonefish Grill) ,*Due to COVID-19,"2202 N. West Shore Blvd., 5th Floor",Tampa,FL,33607,Ivette Kaptzan,(813) 282-1225,,291,4/27/2020,3/15/2020,"Alexandria, Arlington, Ashburn, Centreville, Fairfax & Gainesville",VA,No,Yes,No,No,,Northern
Bloomin' Brands (Carrabba's Italian Grill) ,*Due to COVID-19,"2202 N. West Shore Blvd, 5th Floor",Tampa,FL,33607,Ivette Kaptzan,(813) 282-1225,,224,4/27/2020,3/15/2020,"Centreville, Reston, Winchester & Woodbridge",VA,No,Yes,No,No,,Northern
Bloomin' Brands (Fleming's),*Due to COVID-19,"2202 N. West Shore Blvd., 5th Floor ",Tampa,FL,33607,Ivette Kaptzan,(813) 282-1225,,45,4/27/2020,3/15/2020,McLean,VA,No,Yes,No,No,,Northern
Bloomin' Brands (Outback Steakhouse),*Due to COVID-19,"2202 N. West Shore Blvd., 5th Floor",Tampa,FL,33607,Ivette Kaptzan,(813) 282-1225,,455,4/27/2020,3/15/2020,"Herndon, Woodbridge, Clifton, Springfield, Fairfax, Arlington & Vienna ",VA,No,Yes,No,No,,Northern
Bloomin' Brands (Outback Steakhouse) ,*Due to COVID-19,"2202 N. West Shore Blvd., 5th floor",Tampa,FL,33607,Ivette Kaptzan,(813) 282-1225,,281,4/27/2020,3/15/2020,"Alexandria, Sterling, Warrenton & Winchester",VA,No,Yes,No,No,,Northern
Bloomin' Brands (Outback Steakhouse),*Due to COVID-19,"2202 N. West Shore Blvd., 5th Floor",Tampa,FL,33607,Ivette Kaptzan,(813) 282-1225,,177,4/27/2020,3/15/2020,Roanoke,VA,No,Yes,No,No,,Western
Bloomin' Brands (Bonfish Grill) ,*Due to COVID-19,"2202 N. West Shore Blvd, 5th Floor",Tampa,FL,33607,Ivette Kaptzan,(813) 282-1225,,201,4/27/2020,3/21/2020,"Federicksburg, Newport News, Virginia Beach & Williamsburg",VA,No,Yes,No,No,,Eastern
Bloomin' Brands (Carrabba's Italian Grill) ,*Due to COVID-19,"2202 N. West Shore Blvd., 5th Floor",Tampa,FL,33607,Ivette  Kaptzan,(813) 282-1225,,59,4/27/2020,3/15/2020,Roanoke,VA,No,Yes,No,No,,Western
Bloomin' Brands (Carrabba's Italian Grill) ,*Due to COVID-19,"2201 N. West Shore Blvd., 5th Floor",Tampa,FL,33607,Ivette Kaptzan,(813) 282-1225,,319,4/27/2020,3/21/2020,"Fredericksburg, Chesapeake, Newport News, Virginia Beach & Williamsburg",VA,No,Yes,No,No,,Eastern
Bloomin' Brands (Outback Steakhouse) ,*Due to COVID-19,"2202 N. West Shore Blvd., 5th Floor",Tampa,FL,33607,Ivette Kaptzan,(813) 282-1225,,524,4/27/2020,3/21/2020,"Fredericksburg, Virginia Beach, Newport News, Chesapeake & Hampton",VA,No,Yes,No,No,,Eastern
Bloomin' Brands (Bonefish Grill),*Due to COVID-19,"2202 N. West Shore Blvd., 5th Floor",Tampa ,FL,33607,Ivette Kaptzan,(813) 282-1225,,44,4/27/2020,3/21/2020,Charlottesville,VA,No,Yes,No,No,,South Central
Bloomin' Brands (Outback Steakhouse),*Due to COVID-19,"2202 N. West Shore Blvd., 5th Floor",Tampa ,FL,33607,Ivette Kaptzan,(813) 282-1225,,384,4/27/2020,3/21/2020,"Charlottesville, Harrisonburg, Waynesboro, Lynchburg & Danville",VA,No,Yes,No,No,,South Central
Bloomin's Brands (Outback Steakhouse) ,*Due to COVID-19,"2202 N. West Shore Blvd., 5th Floor",Tampa,FL,33607,Ivette Kaptzan,(813) 282-1225,,326,4/27/2020,3/21/2020,"Richmond, Mechanicsville & Midlothian",VA,No,Yes,No,No,,Central
Hertz,8501 Williams Road,,Estero,FL,33928,Karen  Gittleman,(239) 301-7018,,50,4/24/2020,4/14/2020,Arlington,VA,No,Yes,No,No,"Rudolph Gardner, IBT, Local 922, 2120 Bladensburg Road Northeast #102, Washington, DC 20018; Milton Payne, President, IAM, District 12/Local Lodge 1486, 9110 Bridgewater St., College Park, MD 20740 ",Northern
Hilton Richmond Downtown,*COVID-19,"812 Gravier Street, #200","New Orleans,",LA,70115,Leslie  Morales,(504) 566-0204,,109,4/24/2020,3/23/2020,Richmond,VA,No,Yes,No,No,,Central
Enterprise Holdings,323 Alexander Lee Parkway,,Williamsburg,VA,23185,Andrea Mann,(757) 476-7929,,84,4/24/2020,4/24/2020,Norfolk,VA,No,Yes,No,No,,Eastern
Enterprise Holdings,323 Alexander Lee Parkway,,Williamsburg,VA,23185,Andrea Mann,(757) 476-7929,,78,4/24/2020,4/24/2020,Richmond & Sandston,VA,No,Yes,No,No,,Central
"Visionworks, Inc. ",*Due to COVID-19,175 East Houston Street,"San Antonio,",TX,78205,Jennifer Padilla,(833) 663-4748,,6,4/23/2020,3/21/2020,Charlottesville,VA,No,Yes,No,No,,South Central
"Visionworks, Inc. ",*Due to COVID-19,175 East Houston Street,San Antonio,TX,78205,Jennifer  Padilla,(833) 663-4748,,19,4/23/2020,4/4/2020,"Hampton, Virginia Beach, Williamsburg & Norfolk",VA,No,Yes,No,No,,Eastern
"Visionworks, Inc. ",*Due to COVID-19,175 East Houston Street,San Antonio,TX,78205,Jennifer  Padilla,(833) 663-4748,,1,4/23/2020,4/4/2020,Midlothian,VA,No,Yes,No,No,,Central
"Visionworks, Inc. ",*Due to COVID-19,175 East Houston Street,San Antonio,TX,78205,Jennifer Padilla,(833) 663-4748,,99,4/23/2020,3/21/2020,"Fairfax, Arlington, Bailey's Crossroad, Manassas, Prince William, Reston, Herndon & Springfield",VA,No,Yes,No,No,,Northern
"Visionworks, Inc. ",*Due to COVID-19,175 East Houston Street,San Antonio,TX,78205,Jennifer  Padilla,(833) 663-4748,,44,4/23/2020,3/21/2020,"Vienna, Sterling, Alexandria & Leesburg",VA,No,Yes,No,No,,Northern
"Eastern Specialty Finance, Inc. ",*Due to COVID-19,"7755 Montgomery Road, Suite 400",Cincinnati ,OH,45236,Shannon Weigand,(513) 430-9332,,4,4/21/2020,5/1/2020,Richmond & Mechanicsville,VA,No,Yes,No,No,,Central
Eastern Specialty Finance Inc.,*Due to COVID-19,"7755 Montgomery Rd., Suite 400",Cincinnati,OH,45236,Shannon  Weigand,(513) 430-9332,,5,4/21/2020,5/1/2020,"Norfolk, Hampton, Tappahannock, Fredericksburg & Newport News",VA,No,Yes,No,No,,Eastern
Enterprise Holdings ,*Due to COVID-19,4700 Eisenhower Avenue,Alexandria,VA,22304,Lara  Manville,(703) 371-7011,,77,4/20/2020,3/28/2020,Arlington & Dulles,VA,No,Yes,No,No,"Teamsters #922, and Rudolph Gardner, 2120 Bladensburg Rd., NE, Ste 209, Washington, DC 20018",Northern
Eat'n Park Hospitality Group,*Due to COVID-19,285 E. Waterfront Drive,Homestead,PA,15120,Tony White,(412) 461-2000,2015,192,4/17/2020,3/9/2020,Bridgewater & Lexington,VA,No,Yes,No,No,,South Central
The Tile Shop,14000 Carlson Parkway,,Plymouth,MN,55441,Marcy Rasmussen,(763) 852-2994,,12,4/15/2020,3/26/2020,Ridgway,VA,Yes,No,No,No,,South Central
Hyatt Centric,*Due to COVID-19,1325 Wilson Blvd,Arlington,VA,22209,Rosa Henriquez,(240) 499-4407,,79,4/13/2020,3/18/2020,Arlington,VA,No,Yes,No,No,,Northern
Ames Cleaners and Formal Inc.,*Due to COVID-19,554 East Mercury Boulevard,Hampton,VA,23663,Chris Ames,(757) 285-3337,,25,4/13/2020,3/23/2020,Hampton,VA,No,Yes,No,No,,Eastern
Allied Aviation Fueling Co. ,*Due to COVID-19,2401 Smith Blvd,Arlington,VA,22202,Edward  Rose,(626) 347-7522,,7,4/10/2020,4/10/2020,Arlington,VA,No,Yes,No,No,"International Association of Machinists and Aerospace Workers, AFL-CIO, District 42",Northern
The Westin Virginia Beach Town Center,*Due to COVID-19,"3950 University Drive, Suite 301",Fairfax,VA,22030,Denise  Reynolds,(571) 529-6362,,115,4/10/2020,3/25/2020,Virginia Beach,VA,No,Yes,No,No,,Eastern
Utility Trailer Manufacturing Company,13160 Monroe Road,,Glade Spring,VA,24340,Tim McVey,(276) 429-4540,5104,326,4/9/2020,6/9/2020,Glade Spring,VA,No,Yes,No,No,,Western
Pleasant Valley Medical Center,*Due to COVID-19,4221 Pleasant Valley Road #114,Virginia Beach,VA,23464,,(757) 496-7420,,2,4/9/2020,3/25/2020,Virginia Beach,VA,No,Yes,No,No,,Eastern
Jim Koons Automotive Companies,*Due to COVID-19,2000 Chain Bridge Road,Vienna,VA,22182,Karin Brumbaugh,(703) 448-7062,,148,4/9/2020,3/23/2020,"Alexandria, Arlington, Falls Church, Sterling, Vienna & Woodbridge",VA,No,Yes,No,No,,Northern
Sysco,*Due to COVID-19,1000 Baugh Drive,Front Royal,VA,22630,Karen Peer,(540) 631-2384,,111,4/8/2020,3/20/2020,Front Royal,VA,No,Yes,No,No,,Northern
Sysco,Northeast Redistribution Center,1000 Baugh Drive,Front Royal,VA,22630,Karen Peer,(540) 631-2384,,17,4/8/2020,3/20/2020,Front Royal,VA,No,Yes,No,No,,Northern
IGS,*Due to COVID-19,7600 Whitepine Road,Richmond,VA,23237,Margie Cain,(804) 380-7348,,73,4/8/2020,3/26/2020,Chesterfield,VA,No,Yes,No,No,,Central
Kaiser Aluminum ,*Due to COVID-19,"27422 Portola Parkway, Suite 200",Foothill Ranch ,CA,92610,Jayne Sabo,(949) 614-1734,,78,4/8/2020,4/3/2020,Richmond,VA,No,Yes,No,No,,Central
Avianca ,*Due to COVID-19,"8333 NW 53rd St., Suite 100",Doral,FL,33166,Roxana Penutt,(305) 599-7200,3050,4,4/7/2020,4/1/2020,Dulles,VA,No,Yes,No,No,,Northern
G2 Secure Staff,*COVID-19,"400 E. Las Colinas Blvd, Suite 750",Irving,TX,75039,Tonya Holt,(972) 665-7209,,66,4/7/2020,3/27/2020,Arlington,VA,No,Yes,No,No,"SEUIU-32BJ, Manhattan Office, 25 West 18th St., New York, NY 10011",Northern
Washington Golf and Country Club,*Due to COVID-19,3017 Glebe Road,Arlington,VA,22207,Susan  Elliot,(703) 558-0566,,188,4/6/2020,4/6/2020,Arlington,VA,No,Yes,No,No,,Northern
Bear Down Logistics,4101 Carolina Avenue,,Richmond,VA,23222,Michael  Dipiazza,(708) 707-0461,,75,4/6/2020,4/8/2020,Richmond,VA,Yes,No,No,No,,Central
Miller's Ale House,*Due to COVID-19,"5750 Major Blvd, Suite 400",Orlando,FL,32819,Patti Nash,(407) 547-1219,,73,4/6/2020,3/21/2020,Sterling,VA,No,Yes,No,No,,Northern
Asbury Automotive Group - Richmond BMW Midlothian ,*Due to COVID-19,2905 Premiere Pkwy #300,Duluth ,GA,30097,Jed Milstein,(770) 418-8309,,16,4/3/2020,4/3/2020,Midlothian,VA,No,Yes,No,No,,Central
OneWeb,*Due to COVID-19,"1785 Greensboro Station Place, Tower 3",McLean,VA,22102,Heid Dillard,(571) 399-8996,,301,4/3/2020,3/20/2020,McLean,VA,No,Yes,No,No,,Northern
Westwood Country Club,*Due to COVID-19,800 Maple Avenue East,Vienna,VA,22180,Bryan  Stone,(703) 938-3139,,90,4/3/2020,4/6/2020,Vienna ,VA,No,Yes,No,No,,Northern
Asbury Automotive Group-Richmond BMW,*Due to COVID-19,2905 Premiere Pkwy #300,Duluth,GA,30097,Jed Milstein,(770) 418-8309,,11,4/3/2020,4/3/2020,Richmond,VA,No,Yes,No,No,,Central
Asbury Automotive Group-Crown Acura,*Due to COVID-19,2905 Premiere Pkwy #300,Duluth,GA,30097,Jed  Milstein,(770) 418-8309,,8,4/3/2020,4/3/2020,Richmond,VA,No,Yes,No,No,,Central
Asbury Automotive Group-Crown MINI,*Due to COVID-19,2905 Premiere Pkwy # 300,Duluth,GA,30097,Jed Milstein,(770) 418-8309,,6,4/3/2020,4/6/2020,Richmond,VA,No,Yes,No,No,,Central
Benihana National Corporation,*Due to COVID-19,21500 Biscayne Blvd Suite 900,Aventura,FL,33180,Sandra Cintado,(305) 702-2817,,22,4/2/2020,3/17/2020,Dulles ,VA,No,Yes,No,No,,Northern
"Trump National Golf Club Washington, D.C., LLC",*Due to COVID-19,20393 Lowes Island Blvd,Potomac Falls,VA,20165,Kevin Morris,(703) 444-4801,,102,4/2/2020,4/2/2020,Potomac Falls,VA,No,Yes,No,No,,Northern
"DTI Management, LLC ",*Due to COVID-19,"2700 South Quincy Street, Suite 250",Arlington,VA,22206,Jonathan Lieberman,(917) 697-2100,,70,4/1/2020,4/1/2020,Arlington,VA,No,Yes,No,No,,Northern
"Scholle IPN Packaging, Inc.",*Due to COVID-19,2200 West North Avenue,Northlake ,IL,60164,Fadil Bushati,(708) 409-9229,,128,4/1/2020,4/5/2020,Chilhowie,VA,No,Yes,No,No,,Western
"Roger Brown's Sports Bar & Restaurant, Inc.",*Due to COVID-19,316 High Street,Portmouth,VA,23704,Curtis Lyons,(757) 617-3766,,46,4/1/2020,3/18/2020,Portsmouth,VA,No,Yes,No,No,,Eastern
Martin-Bower Compnay,*Due to COVID-19,12501 Randolph Ridge Lane,Manassass,VA,20109,David Gabrielson,(703) 468-2900,,61,4/1/2020,4/1/2020,Manassas,VA,No,Yes,No,No,Union Local 639,Northern
Bartaco,*Due to COVID-19,"2920 District Avenue, Suite 120",Fairfax,VA,22301,Marc Hinson,(571) 549-8226,,175,4/1/2020,3/21/2020,Fairfax & Reston,VA,No,Yes,No,No,,Northern
Super Shoes,*Due to COVID-19,124 W. Putnam Ave,Greenwich,CT,6830,Mark  McGranahan,(203) 273-6765,,33,3/31/2020,3/20/2020,"Staunton, Charlottesville, Lynchburg & Harrisonburg",VA,No,Yes,No,No,,South Central
"OTG DCA Venture II, LLC ",*Due to COVID-19 ,1501 Lower State Road,North Wales ,PA,19454,Brett Byers,(646) 457-0336,,121,3/31/2020,3/16/2020,Arlington,VA,No,Yes,No,No,"Unite Here Local 23, 1225 S Clark St., Suite 504 Arlington, VA 22202",Northern
Crescent Hotels & Resorts ,*Due to COVID-19,8661 Leesburg Pike,Tysons,VA,22182,Laura Warner,(703) 563-4931,,171,3/31/2020,4/3/2020,Tysons,VA,No,Yes,No,No,"John Boardman, UniteHere Local 25, 901K Street, NW, Washington, DC 20001 ",Northern
Jim's Formal Wear,*Due to COVID-19,804 East Broadway,Trenton,IL,62293,Shannon Wilson,(618) 224-2935,,44,3/31/2020,3/20/2020,Richmond,VA,No,Yes,No,No,,Central
Jackson's Mighty Fine Food & Luck Lounge ,*Due to COVID-19,11927 Democracy Drive,Reston,VA,20190,Jon ,(703) 437-0800,,137,3/30/2020,3/20/2020,Reston,VA,No,Yes,No,No,,Northern
First Home Care,1634 London Blvd,,Portsmouth,VA,23704,Conny Goode,(757) 967-8405,,43,3/30/2020,4/11/2020,Newport News & Portsmouth,VA,Yes,No,No,No,,Eastern
First Home Care Mental Health Services,1634 London Blvd,,Portsmouth ,VA,23704,Conny Goode,(757) 967-8405,,18,3/30/2020,4/11/2020,Richmond,VA,Yes,No,No,No,,Central
Costal Flats Tysons,*Due to COVID-19,7860-L Tyson's Corner Center,McLean,VA,22102,Jon Norton,(703) 356-1440,,135,3/30/2020,3/30/2020,McLean,VA,No,Yes,No,No,,Northern
The Alexandrian Hotel,*Due to COVID-19,480 King Street,Alexandria,VA,22314,Nicole Pinkham,(703) 842-2766,,115,3/28/2020,3/13/2020,Alexandria,VA,No,Yes,No,No,,Northern
IHG Army Hotels,*Due to COVID-19,2301 Mahone Avenue,Fort Lee,VA,23801,Michael Bayer,(804) 733-4100,68006,74,3/27/2020,3/27/2020,Fort Lee,VA,No,Yes,No,No,,Central
Paper Source,*Due to COVID-19,125 South Clark Street,Chicago,IL,60603,Rhonda Dutmer,(312) 505-7214,,44,3/27/2020,3/29/2020,"Fairfax, Alexandria & Reston",VA,No,Yes,No,No,,Northern
Paper Source,*Due to COVID-19,125 South Clark Street,Chicago,IL,60603,Rhonda Dutmer,(312) 505-7214,,6,3/27/2020,3/29/2020,Virginia Beach,VA,No,Yes,No,No,,Eastern
Alsco,*Due to COVID-19,505 East South Temple ,Salt Lake City,UT,84102,James  Fox,(804) 526-3722,,114,3/27/2020,3/18/2020,Colonial Heights ,VA,No,Yes,No,No,Workers Unite-Mid Atlantic Region Joint Board and The International Brotherhood of Teamsters,Central
Paper Source,*Due to COVID-19,125 South Clark Street,Chicago,IL,60603,Rhonda Dutmer,(312) 505-7214,,11,3/27/2020,3/29/2020,Richmond,VA,No,Yes,No,No,,Central
Alsco,*Due to COVID-19,725 S. Pickett Street,Alexandria,VA,22304,Jennifer   Crawford-Gomez,(703) 751-5783,3013,102,3/27/2020,3/19/2020,Alexandria,VA,No,Yes,No,No,Workers Unite-Mid Atlantic Regional Joint Board and the International Brotherhood of Teamsters  ,Northern
Suit Supply Inc.,*Due to COVID-19,453 Brooms Street,New York,NY,10013,Lee Wilson,(252) 258-5617,,19,3/26/2020,3/29/2020,McLean,VA,No,Yes,No,No,,Northern
"Cinemark USA, Inc. ",*Due to COVID-19,"3900 Dallas Parkway, Suite 500",Plano,TX,75093,Sid Srivastava,(972) 665-1000,,26,3/26/2020,3/26/2020,Bristol ,VA,No,Yes,No,No,,Western
"Cinemark USA, Inc.","3900 Dallas Parkway, Suite 500",,Plano ,TX,75093,Sid Srivastava,(972) 665-1000,,134,3/26/2020,3/26/2020,"Norfolk, Chesapeake & Newport News",VA,No,Yes,No,No,,Eastern
"Cinemark USA, Inc.","3900 Dallas Parkway, Suite 500",,Plano,TX,75093,Sid Srivastava,(972) 665-1000,,103,3/26/2020,3/26/2020,Centreville & Fairfax,VA,No,Yes,No,No,,Northern
"Rod M. Rodgge, D.D.S.",*Due to COVID-19,"762 Independence Blvd, Suite 500",Virginia Beach,VA,23455,Rod  Rogge,(757) 333-7444,,6,3/26/2020,3/30/2020,Virginia Beach,VA,No,Yes,No,No,,Eastern
Alsco,*Due to COVID-19,5616 Shell Road,Virginia Beach,VA,23455,John  Tyler,(757) 460-1681,,54,3/26/2020,3/20/2020,Virginia Beach,VA,No,Yes,No,No,Workers United and Teamsters Local #822,Eastern
Universal Companies,*Due to COVID-19,18260 Oak Park Drive,Abington,VA,24210,Luann Ayers,(276) 591-4123,,61,3/25/2020,4/1/2020,Abington,VA,No,Yes,No,No,,Western
"Route 60 & Associates, INC DBA Captin Groovy's Grill & Raw bar",*Due to COVID-19,8101 Shore Drive,Norfolk,VA,23503,Sandra White,(757) 286-8811,,25,3/25/2020,3/17/2020,Norfolk,VA,No,Yes,No,No,,Eastern
First Source,*Due to COVID-19,3612 La Grange Parkway,Toanao,VA,23168,Lisa Weekland,(757) 566-5361,,49,3/25/2020,3/25/2020,Toana,VA,No,Yes,No,No,,Eastern
Alsco,*Due to COVID-19,"3401 Shenandoah Avenue, NW",Roanoke ,VA,24017,Nick Dyson,(540) 342-3158,,47,3/25/2020,3/18/2020,Roanoke,VA,No,Yes,No,No,"The Mid-Atlantic Regional Joint Board, Patrick Jones, Jr.; The Teamsters Local Union #17, James Pappas",Western
"Bonums Oyster Co., Inc.",*Due to COVID-19,1336 Bonums Road,Hague,VA,22496,Ronald Bonums,(804) 472-2331,,29,3/25/2020,3/25/2020,Kinsale,VA,No,Yes,No,No,,Eastern
Earl's Restaurant ,*Due to COVID-19,"425 Carrall Street, Vancouver, BC, Canada V6B 6E3",Tyson's Corner,VA,22102,Tomelise Stefan Stefan, (604) 396-4636,,119,3/25/2020,3/25/2020,Tyson's Corner,VA,No,Yes,No,No,,Northern
Case Architects & Remodels,*Due to COVID-19,701 Park Avenue,Falls Church,VA,22406,Allison Deland,(240) 235-9740,,24,3/25/2020,3/24/2020,Falls Church,VA,No,Yes,No,No,,Northern
HMS Host,*Due to COVID-19,"Dulles International Airport, PO Box 16316",Washington ,DC,20041,Yvonne Spratley,(301) 312-9553,,80,3/25/2020,3/16/2020,Dulles International Airport,VA,No,Yes,No,No,,Northern
"BridgeStreet Cooprorate Housing LLC, ",*Due to COVID-19,"11180 Sunrise Valley, Suite 400",Reston,VA,20191,Naomi Rusek,(703) 935-6008,,68,3/24/2020,3/24/2020,Reston,VA,No,Yes,No,No,,Northern
"Hooters of America, LLC",1815 The Exchange,,Atlanta,GA,30339,Benjamin Benson,(770) 799-2302,,45,3/23/2020,3/16/2020,Woodbridge,VA,No,Yes,No,No,,Northern
"Take 5 Oil Change-Driven Brands Shared Services, LLC ","440 South Church Street, Suite 700",,Charlotte,NC,28202,Kelsey Williams,(704) 644-8192,,42,3/23/2020,3/22/2020,"Chesapeake, VA Beach, Newport News, Portsmouth & Hampton",VA,No,Yes,No,No,,Eastern
"Take 5 Oil Change-Driven Brands Shared Services, LLC ","440 South Church Street, Suite 700",,Charlotte,NC,28202,Kelsey Williams, (704) 644-8192,,5,3/23/2020,3/22/2020,Richmond,VA,No,Yes,No,No,,Central
Collegiate  High Group,*Due to COVID-19,"2000 High Wickham Place, Suite 300",Louisville,KY,40245,Stephanie Appel,(502) 489-3737,,66,3/23/2020,3/16/2020,Charlottesville,VA,No,Yes,No,No,,South Central
Collegiate Hotel Group,*Due COVID-19,"2000 High Wickham Place, Suite 300",Louisville,KY,40245,Stephanie Appel,(502) 489-3737,,66,3/23/2020,3/16/2020,Richmond,VA,No,Yes,No,No,,Central
"A Head for Profits, LLC",*Due to COVID-19,240 Great Circle Road  Suites 344,Nashville,TN,37228,Tracie  Felker,(615) 499-4197,,45,3/23/2020,3/20/2020,Chesapeake,VA,No,Yes,No,No,,Eastern
"Hooters of America, LLC",1815 The Exchange,,Atlanta,GA,30339,Benjamin Benson,(770) 799-2302,,21,3/23/2020,3/20/2020,Fredericksburg,VA,No,Yes,No,No,,Eastern
"Hooters of America, LLC",1815 The Excahnge,,Atlanta,GA,30339,Benjamin Benson,(770) 799-2302,,46,3/23/2020,3/16/2020,Chester,VA,No,Yes,No,No,,Central
America's Auto Auction,*Due to COVID-19,"14951 Dallas Parkway, Suite 200",Dallas,TX,75254,Ken  Schwab,(682) 730-2251,,53,3/23/2020,3/23/2020,Virginia Beach,VA,No,Yes,No,No,,Eastern
"Hooters of America, LLC",1815 The Exchange,,Atlanta,GA,30339,Benjamin Benson,(770) 799-2302,,10,3/23/2020,3/16/2020,Midlothian,VA,No,Yes,No,No,,Central
"Hooters of America, LLC",1815 The Exchange,,Atlanta,GA,30339,Benjamin Benson,(770) 799-2302,,56,3/23/2020,3/16/2020,Richmond,VA,No,Yes,No,No,,Central
"Hooters of America, LLC",1815 The Exchange,,Atlanta,GA,30339,Benjamin Benson,(770) 799-2302,,45,3/23/2020,3/16/2020,Chantilly ,VA,No,Yes,No,No,,Northern
"Hooters of America, LLC",1815 The Exchange,,Atalnta,GA,30339,Benjamin Benson,(770) 951-2040,,45,3/23/2020,3/16/2020,Fairfax,VA,No,Yes,No,No,,Northern
"Hooters of America, LLC",1815 The Exchange ,,Atlanta,GA,30339,Benjamin Benson,(770) 799-2302,,45,3/23/2020,3/16/2020,Manassas,VA,No,Yes,No,No,,Northern
Brick Anchor Brew House,*Due to COVID-19,241 Granby Street,Norfolk,VA,23510,Phil  Smith,(315) 622-9012,,28,3/22/2020,3/22/2020,Norfolk,VA,No,Yes,No,No,,Eastern
Super Shoes,*Due to COVID-19,124 W. Putnam Avenue,Greenwich ,CT,6830,Mark McGranahan,(203) 273-6765,,18,3/21/2020,3/20/2020,Christiansburg & Salem,VA,No,Yes,No,No,,Western
Fred's Food Group,*Due to COVID-19,8051 Leesburg Pike,Vienna ,VA,22182,Jon Norton,(703) 552-5100,,225,3/20/2020,3/20/2020,Vienna,VA,No,Yes,No,No,,Northern
Sweetwater Tavern,*Due to COVID-19,14250 Sweetwater Lane,Centerville,VA,20121,Jon Norton,(703) 449-1100,,140,3/20/2020,3/20/2020,Centerville,VA,No,Yes,No,No,,Northern
Sweetwater Tavern,*Due to COVID-19,3066 Gate House Plaza,Falls Church,VA,22042,Jon Norton,(703) 645-8100,,118,3/20/2020,3/20/2020,Falls Church,VA,No,Yes,No,No,,Northern
Sweetwater Taven,*Due to COVID-19,45980 Waterview Plaza,Sterling,VA,20166,Jon Norton,(571) 434-6500,,118,3/20/2020,3/20/2020,Sterling,VA,No,Yes,No,No,,Northern
Costal Flats,*Due to COVID-19,11901 Grand Commons Avenue,Fairfax,VA,22030,Jon Norton,(571) 522-6300,,134,3/20/2020,3/20/2020,Faiffax,VA,No,Yes,No,No,,Northern
Mike's American Grill,*Due to COVID-19,6210 Backlick Road,Springfield,VA,22150,Jon Norton,(703) 644-7100,,174,3/20/2020,3/20/2020,Springfield ,VA,No,Yes,No,No,,Northern
Patsy's Italian ,*Due to COVID-19,11880 Grand Commons Avenue,Fairfax,VA,22030,Jon Norton,(571) 321-8000,,100,3/20/2020,3/20/2020,Fairfax,VA,No,Yes,No,No,,Northern
Go Rentals,*Due to COVID-19,4320 Campus Drive ,Newport Beach,CA,92660,Colleen  Jones,(949) 222-1900,240,275,3/20/2020,3/21/2020,Dulles,VA,No,Yes,No,No,,Northern
Fantastic Frizbe's Flying Food Factory,*Due to COVID-19,400 Campbell Avenue,Arlington,VA,222006,Jon Norton,(703) 931-0777,,128,3/20/2020,3/20/2020,Arlington,VA,No,Yes,No,No,,Northern
Artie's,*Due to COVID-19,3260 Old Lee Highway,Fairfax,VA,2230,Jon Norton,(703) 273-7600,,99,3/20/2020,3/20/2020,Fairfax,VA,No,Yes,No,No,,Northern
Mynd Spa and Salon,*Due to COVID-19,4210 Fairfax Corner Avenue West,Fairfax,VA,22030,Todd Walter,(480) 784-2575,,64,3/20/2020,3/19/2020,Fairfax Coner,VA,No,Yes,No,No,,Northern
Silverado,*Due to COVID-19,7052 Columbia Pike,Annadale ,VA,22003,Jon Norton,(703) 354-4560,,80,3/20/2020,3/20/2020,Annadale,VA,No,Yes,No,No,,Northern
Alamo Drafthouse Cinema,*Due to COVID-19,181 Kerntown Coomons Boulevard,Winchester,VA,22602,Lisa Limoges,(540) 771-0079,,122,3/19/2020,3/20/2020,Winchester,VA,No,Yes,No,No,,Northern
"CF Management-VA, LLC (X Sport Fitness) ",*Due to COVID-19,4300 King Street,Alexandria,VA,22302,Rachel  Reger,(630) 318-3457,,115,3/19/2020,3/18/2020,Alexandria,VA,No,Yes,No,No,,Northern
Uncle Julioâ€™s Ballston,*Due to COVID-19,"1101 N. Union Bower Rd., Suite 160",Irving ,TX,75061,Hillary  Shahbabian,(972) 554-6886,,82,3/19/2020,3/19/2020,N. Fairfax,VA,No,Yes,No,No,,Northern
Skyline Tent Company,*Due to COVID-19,1327 Carlton Avenue,Charlottesville,VA,22902,Ashleigh Toms,(434) 977-8368,,65,3/18/2020,3/23/2020,Charlottesville,VA,No,Yes,No,No,,Northern
Three Notch'd Brewing Company,*Due to COVID-19,520 2nd Street SE,Charlottesville,VA,22802,Angela Carrodeguas,(434) 956-3141,150,9,3/17/2020,3/17/2020,Richmond,VA,No,Yes,No,No,,Central
Three Notch'd Brewing Company,*Due to COVID-19,520 2nd Street SE,Charlottesville,VA,22902,Angela Carrodegus,(434) 956-3141,150,14,3/17/2020,3/17/2020,Roanoke,VA,No,Yes,No,No,,Western
Three Notch'd Brewing Company,*Due to COVID-19,520 2nd Street SE,Charlottesvile,VA,22902,Angela  Carrodegus,(434) 956-3141,150,59,3/17/2020,3/17/2020,Charlottesville,VA,No,Yes,No,No,,South Central
Three Notch'd Brewing,*Due to COVID-19,520 2nd Street SE,Charlottesville,VA,22902,Angela Carrodeguas,(434) 956-3141,150,6,3/17/2020,3/17/2020,Harrisonburg,VA,No,Yes,No,No,,South Central
Bluffwalk Center,*Due to COVID-19,1312 Commerce Street,Lynchburg,VA,24504,Kimberly Christner,(757) 870-2099,,98,3/17/2020,3/17/2020,Lynchburg,VA,No,Yes,No,No,,South Central
The Salvation Army ,Adult Rehibilitation Center,1424 Northeast Expressway,Atlanta,GA,30329,Major John Murphy ,(404) 728-1300,,38,3/9/2020,5/30/2020,Richmond,VA,Yes,No,No,No,,Central
"NortonLifeLock, Inc.",60 E. Rio Salado Parkway,Suite 400,Tempe,AZ,85281,Talin Danayan,(480) 457-2107,,73,3/3/2020,3/18/2020,Herndon,VA,No,Yes,No,No,,Northern
Norfolk Southern,3 Commercial Place,,Norfolk,VA,23510,Chris Decker,(757) 629-2820,,104,2/18/2020,4/18/2020,Roanoke,VA,Yes,No,No,No,"IAM, IBBB, IBEW, NCF&O, SMART-MECHANICAL, TCU",Western
The Virginian~Pilot,150 West Brambleton Avenue,*Company moving from Norfolk to Newport News-No layoffs expected,Norfolk,VA,23510,Amanda LaPietra,(757) 446-2530,,137,2/18/2020,4/27/2020,Norfolk,VA,Yes,No,No,No,Washington-Baltimore News Guild,Eastern
Earth Fare,220 Continuum Drive,,Fletcher,NC,28732,Bethany Turon,(828) 418-1225,,94,2/17/2020,2/17/2020,Roanoke,VA,Yes,No,No,No,,Western
Oakwood Worldwide ,1 World Trade Center 24th Floor,,Long Beach,CA,90831,Hortencia  Garcia,(562) 473-7383,,35,1/28/2020,3/30/2020,"Arlington, Alexandria & Chantilly ",VA,No,No,No,No,,Northern
AECOM,113 Arendell  Street,,Morehead City,NC,28557,Nicole Connolly,(252) 515-9094,,102,1/17/2020,3/14/2020,Virginia Beach,VA,No,No,No,No,,Eastern
LSC Communications,191 North Wacker Drive,,Chicago,IL,60606,Chuck Searles,(540) 465-6606,,384,1/14/2020,3/16/2020,Strasburg,VA,Yes,No,No,No,,Northern
Aramark (at VCU Health Systems),204 East Wilson Street,,Wingate,NC,28174,Kelly  Barrett,(704) 574-8028,,572,1/13/2020,3/13/2020,Richmond,VA,No,Yes,No,No,,Central
Shoppers Food & Pharmacy Store #2346,"16901 Melford Blvd., Suite 300",,Bowie,MD,20715,Leticia  Thomas,(301) 306-8600,,54,1/7/2020,3/7/2020,Franconia,VA,Yes,No,No,No,"Mark Federici, President, UFCW Local 400, 8400 Corporate Drive, Ste 200, Landover, MD 20785",Northern
