Date,Company,Type,Jobs Affected,City,Location
6/4/2020,Runza,Closure,,Lincoln,Edgewood
6/4/2020,Marriott Corporate,Layoff,,Omaha,Omaha Marriott Downtown
5/14/2020,Royal Engineered Composits,Layoff,,Minden,Minden
5/13/2020,Burlington Northern Santa Fe (BNSF) Railroad,Layoff,12,Lincoln,Lincoln Shop
5/8/2020,Valentino's Corporate Office,Layoff,46,Omaha,Omaha - 108th St
4/2/2020,Intrado Facilities,Layoff,,Omaha,HR Service Center
4/1/2020,"B & R Stores, Inc.",Closure,96,Omaha,Super Saver - Millard
3/31/2020,Golf USA,Closure,,Kearney,Golf USA
3/31/2020,Mr Movies,Closure,1,North Platte,North Platte
3/31/2020,Forno Omaha,Layoff,20,Omaha,Omaha
3/31/2020,Ruby Tuesday,Layoff,27,Kearney,Kearney
3/30/2020,Talent Plus Inc.,Layoff,40,Lincoln,
3/30/2020,Village Inn Corporation,Closure,,Lincoln,Lincoln North
3/29/2020,BurgerFi,Closure,,Lincoln,Lincoln Railyard
3/27/2020,Allmand Brothers,Layoff,20,Holdrege,Holdrege
3/27/2020,"Hayneedle, Inc.",Closure,131,Omaha,West Dodge Road
3/27/2020,"Hayneedle, Inc.",Closure,87,Omaha,Chalco Valley Parkway
3/25/2020,Godfather's Pizza,Closure,9,Beatrice,Beatrice
3/23/2020,General Nutrition Center Stores,Closure,2,Grand Island,Grand Island
3/12/2020,Atrium Hospitality - Embassy Suites,Layoff,,Omaha,Omaha - South 10th Street
3/9/2020,Granite City,Closure,,Omaha,Omaha
3/8/2020,"Packers Sanitation Services, Inc.",Layoff,58,Lincoln,Lincoln - Smithfield
3/2/2020,Old Chicago,Closure,15,Lincoln,Haymarket
3/2/2020,Four Star Card & Gift Gallery,Closure,16,Lincoln,Old Cheney
2/29/2020,Headliner Studio,Closure,2,Kearney,Kearney
2/28/2020,Diamond Vogel Corporation,Closure,2,Elkhorn,Elkhorn
2/28/2020,Diamond Vogel Corporation,Closure,2,Fremont,Fremont
2/28/2020,Diamond Vogel Corporation,Closure,2,Norfolk,Norfolk
2/28/2020,Diamond Vogel Corporation,Closure,5,Grand Island,Grand Island
2/28/2020,Diamond Vogel Corporation,Closure,3,Kearney,Kearney
2/25/2020,Gordmans,Closure,30,Omaha,Omaha
2/20/2020,Super 8 Motel,Layoff,7,Alma,Alma
2/19/2020,Dick's Western Store,Closure,,Tekamaha,Tekamaha
2/15/2020,YMCA,Closure,1,Grand Island,Express YMCA
2/15/2020,YMCA,Layoff,,Grand Island,Express YMCA
2/14/2020,Little Miracles Childcare,Closure,7,Doniphan,Child Care
2/14/2020,Midwest Medical Transport,Closure,,Hastings,Hastings
2/14/2020,Ericson State Bank,Closure,0,Ericson,Ericson
2/9/2020,Station 9 Cafe,Closure,,Kearney,Kearney
2/1/2020,Big O Tires,Closure,,Grand Island,1919 South Locust - Grand Island
1/31/2020,Spectrum Salon Systems Inc,Closure,2,Hastings,Hastings
1/31/2020,Ahmad's Persian Cuisine,Closure,2,Omaha,Omaha
1/31/2020,The Afternoon,Closure,18,Omaha,Omaha
1/31/2020,Security First Bank,Closure,,Lincoln,Lincoln - Van Dorn
1/31/2020,IGA Market Place,Closure,30,Lincoln,Lincoln - Air Park
1/29/2020,Village Inn Corporation,Closure,,Omaha,Omaha - 4416 Dodge Street
1/26/2020,The Cellar Bar & Grill / Weis Co,Closure,0,Kearney,The Cellar Bar & Grill
1/10/2020,McCann Medical Clinic,Closure,2,Grand Island,Clinic
1/6/2020,First National Bank,Closure,,Kearney,Kearney Branch Bank
1/1/2020,Madhouse Experience,Closure,,Lincoln,Lincoln
1/1/2020,Kearney Cinema,Closure,0,Kearney,Hilltop 4 Theater
12/31/2019,Wright's Jewelers,Closure,5,Lincoln,Lincoln
12/31/2019,Leonard and His House of Unfinished Furniture,Closure,1,Lincoln,Lincoln
12/31/2019,Lazzari's Pizza,Closure,,Lincoln,Lincoln
12/31/2019,Le Cupcake,Closure,5,Lincoln,Lincoln
12/31/2019,Goodwill Outlet,Layoff,1,Grand Island,Grand Island
12/31/2019,Tornado Crepes,Closure,,Lincoln,Lincoln
12/31/2019,Jack Link's Jerky,Closure,62,Bellevue,Bellevue
12/31/2019,Land O Lakes Inc,Closure,3,McCook,McCook
12/31/2019,Beed Transportation Inc,Closure,26,West Point,Office
12/28/2019,Connect Gallery,Closure,2,Omaha,Omaha
12/21/2019,Gianna's Java & Gelato,Closure,10,Lincoln,Lincoln
12/21/2019,Kitchen Sink Bakery,Closure,2,Lincoln,Lincoln
12/16/2019,Papa Murphy's,Closure,,Columbus,Columbus
12/14/2019,Petrow's Restaurant,Closure,40,Omaha,Omaha
12/13/2019,Amigos,Closure,,Lincoln,Lincoln - 14th & Q
12/9/2019,Rule G Night Club,Closure,,Lincoln,Lincoln
12/5/2019,"Dickey's Barbeque Restaurants, Inc",Closure,,York,York
11/30/2019,Mouth of the South,Closure,,Omaha,Omaha
11/30/2019,TC Home Furnishings,Closure,3,Columbus,Columbus
11/29/2019,Buffalo Wings & Rings,Closure,20,Lincoln,Lincoln
11/24/2019,Skeeter Barnes,Closure,,Columbus,Columbus
11/23/2019,Forever 21,Closure,35,Lincoln,Lincoln
11/21/2019,Morys Haven in Columbus,Closure,62,Columbus,Columbus
11/21/2019,Utica Community Center,Closure,30,Utica,Utica
11/21/2019,Crestview Healthcare Center - Milford,Closure,50,Milford,Milford
11/19/2019,Jazz: A Louisiana Kitchen,Closure,,Omaha,Omaha
11/19/2019,MWC Acquisitions Co. LLC,Closure,19,Atkinson,Atkinson
11/18/2019,"Prairie Catalyitic, LLC",Closure,15,Columbus,Plant
11/16/2019,Wilber Meat Market,Closure,2,Wilber,Wilber
11/16/2019,Fresh Thyme,Closure,45,Grand Island,Grand Island
11/16/2019,Fresh Thyme,Closure,28,Omaha,Lakeside
11/15/2019,9 South Chargrill # 2,Closure,45,Hickman,Hickman
11/11/2019,Buck Snort Restaurant,Closure,8,Nebraska City,Nebraska City
11/5/2019,AJ's Soda Shop,Closure,1,Scottsbluff,Scottsbluff
11/3/2019,Amigo's/King Classic,Closure,15,Auburn,Auburn
11/2/2019,Green Flash Brewhouse & Eatery,Closure,5,Lincoln,Lincoln
10/31/2019,Seasons Floral & Gifts,Closure,2,Columbus,Columbus
10/31/2019,Valley Bowl,Closure,,Scottsbluff,Scottsbluff
10/31/2019,Airhost Restaurant & Lounge,Closure,10,Lincoln,Lincoln
10/30/2019,"Games People Play, Inc",Closure,3,Omaha,Omaha
10/27/2019,Egg & I,Closure,17,Lincoln,Lincoln
10/24/2019,Thurston Manufacturing,Closure,38,Thurston,Thurston
10/22/2019,Regis Salon,Closure,5,Grand Island,Conestoga Mall
10/22/2019,Blue Prairie Brands,Closure,2,Gering,Gering
10/17/2019,Sears Hometown Store,Closure,,North Platte,North Platte
10/5/2019,Major's Convenience Store & Cafe,Closure,2,Roca,Roca
10/4/2019,Bimbo Bakeries,Closure,81,South Sioux City,South Sioux City
9/28/2019,Don & Randy Shoemaker's Truck Station,Closure,20,Lincoln,Lincoln
9/27/2019,Greenbrier Railcar (GBW),Layoff,14,Omaha,Omaha
9/27/2019,The Michael's Cantina at the Market,Closure,25,Omaha,Omaha
9/25/2019,Family Video,Closure,4,Columbus,Columbus
9/25/2019,Kentucky Fried Chicken,Closure,17,S. Sioux City,S. Sioux City
9/25/2019,Kentucky Fried Chicken,Closure,,Columbus,Columbus
9/13/2019,Set the Bar Fitness & Nutrition,Closure,,Norfolk,Norfolk
9/5/2019,MMP Enterprises,Layoff,7,Sidney,Sidney
8/31/2019,Eakes Office Solutions Corporation,Layoff,2,Grand Island,Grand Island - Corporate / Retail
8/31/2019,Charming Charlie,Closure,9,Omaha,Omaha - L Street
8/31/2019,Charming Charlie,Closure,4,Omaha,Omaha - Village Pointe
8/31/2019,Charming Charlie,Closure,9,Lincoln,Lincoln
8/23/2019,Jan's Cleaners & Shirt Laundry,Closure,2,Beatrice,Beatrice
8/20/2019,Tommy's Family Restaurant,Layoff,1,Grand Island,Grand Island
8/20/2019,Union Pacific Railroad,Layoff,55,North Platte,North Platte
8/16/2019,Teriyaki Madness,Closure,,Lincoln,Lincoln
8/14/2019,Peking Palace Chinese Buffett,Closure,,Grand Island,Grand Island
8/12/2019,Standard Iron,Layoff,31,Grand Island,Grand Island
8/11/2019,Young Voices Child Development Center,Closure,,Lincoln,Lincoln
8/10/2019,Barnstormers Family Bar & Grill,Closure,20,Norfolk,Norfolk
8/9/2019,Risky's Sports Bar and Grill,Closure,,Beatrice,Beatrice
8/8/2019,US Aprons,Layoff,10,Sidney,Sidney
8/6/2019,Premier Estates,Closure,35,West Point,West Point
8/6/2019,Premier Estates,Closure,43,Fremont,Fremont
8/6/2019,Premier Estates,Closure,64,Crete,Crete
8/4/2019,Earl May Nursery & Garden Center,Closure,3,Beatrice,Beatrice
8/2/2019,Eakes Office Solutions x,Closure,3,York,York
8/2/2019,Eakes Office Solutions Corporation,Closure,3,York,York
7/31/2019,Anderson Auto Parts,Layoff,4,Grand Island,Grand Island
7/31/2019,El Canelo Mexican Restaurant,Closure,,Beatrice,Beatrice
7/31/2019,Norfolk Natural Market,Closure,5,Norfolk,Norfolk
7/31/2019,The Pipeline Clothing eXchange,Closure,1,Beatrice,Beatrice
7/28/2019,Goodyear Fitness Center,Closure,20,Lincoln,Lincoln
7/28/2019,Therman's Bike and Sport,Closure,0,Nebraska City,Nebraska City
7/27/2019,Merle's Food & Drink,Closure,13,Lincoln,Lincoln
7/27/2019,B & B Grill and Arcade,Closure,11,Bellevue,Bellevue
7/24/2019,Spreetail,Layoff,22,Lincoln,Lincoln
7/22/2019,Gerda's German Restaurant & Bakery,Closure,,Omaha,Omaha
7/19/2019,Charter Spectrum,Layoff,2,Beatrice,Beatrice
6/30/2019,Good Samaritan Nursing Home,Closure,40,Wood River,Wood River
6/28/2019,Cosmo Professional Beauty Supply,Closure,31,Lincoln,Lincoln
6/28/2019,Highnooner's Deli,Closure,4,Lincoln,Lincoln
6/28/2019,Video Kingdom Electronics,Closure,5,Hastings,Hastings
6/23/2019,Amato's,Closure,5,Omaha,Omaha
6/23/2019,Shopko Hometown xxxx,Closure,53,Omaha,Shopko Hometown Omaha
6/23/2019,Shopko Corporate Office,Closure,53,Omaha,Omaha - 14445 West Center Road
6/21/2019,Union Pacific,Layoff,78,North Platte,North Platte
6/21/2019,Werner Service & Trucking,Closure,24,St. Edward,St. Edward
6/18/2019,Grand Island Park Place Care & Rehabilitation Center,Closure,64,Grand Island,Grand Island
6/16/2019,Shopko xxxx,Closure,54,Grand Island,Grand Island
6/16/2019,Shopko Hometown xxxx,Closure,21,Holdrege,Holdrege
6/16/2019,Shopko xxxx,Closure,45,North Platte,North Platte
6/16/2019,Shopko Hometown xxxx,Closure,25,Wayne,SHopko Hometown Wayne
6/16/2019,Shopko xxxx,Closure,19,O.Neil,Shopko O'Neil
6/16/2019,Shopko Hometown xxxx,Closure,15,Broken Bow,Broken Bow
6/16/2019,Shopko Hometown xxxx,Closure,18,Valentine,Valentine
6/16/2019,Shopko Corporate Office,Closure,54,Grand Island,Grand Island
6/16/2019,Shopko Corporate Office,Closure,21,Holdrege,Holdrege
6/16/2019,Shopko Corporate Office,Closure,25,Wayne,Wayne
6/16/2019,Shopko Corporate Office,Closure,45,North Platte,North Platte
6/16/2019,Shopko Corporate Office,Closure,19,O'Neill,O'Neill
6/16/2019,Shopko Corporate Office,Closure,18,Valentine,Valentine
6/16/2019,Shopko Corporate Office,Closure,15,Broken Bow,Broken Bow
6/5/2019,Wahoo Super,Closure,28,Wahoo,Wahoo
5/31/2019,Payless,Closure,2,Scottsbluff,Scottsbluff
5/31/2019,Bigler Motors,Closure,12,Lincoln,Lincoln
5/28/2019,Payless ShoeSource,Closure,6,Norfolk,Norfolk - Sunset Plaza Mall
5/16/2019,Blue Blood Brewery,Closure,34,Lincoln,Lincoln
5/15/2019,Wiggles and Giggles Academy,Closure,9,Holdrege,Holdrege
5/12/2019,Casey's General Store,Closure,6,Lincoln,Lincoln
5/12/2019,Shopko xxxxx,Closure,15,Beatrice,Beatrice
5/12/2019,Shopko xxxx,Closure,15,Ainsworth,Ainsworth
5/12/2019,Shopko Hometown xxxx,Closure,25,Falls City,Falls City
5/12/2019,Shopko Corporate Office,Closure,25,Falls City,Falls City
5/12/2019,Shopko Corporate Office,Closure,15,Beatrice,Beatrice
5/12/2019,Shopko Corporate Office,Closure,18,Ainsworth,Ainsworth
5/11/2019,Cabela's Corporation,Closure,41,Oskosh,Returns Facility - Oshkosh
5/11/2019,Cabela's Corporation,Closure,120,Sidney,Distribution Center - Sidney
5/11/2019,Schuyler Care & Rehabilitation Center,Closure,53,Schuyler,Schuyler
5/11/2019,Norfolk Care & Rehabilitation Center,Closure,42,Norfolk,Norfolk
5/11/2019,Cabela's x,Closure,41,Oshkosh,Oshkosh Returns Facility
5/11/2019,Cabela's x,Closure,120,Sidney,Sidney Distribution Center
5/5/2019,Shopko Hometown xxxx,Closure,20,Auburn,Auburn
5/5/2019,Shopko Hometown xxxx,Closure,12,Superior,Superior
5/5/2019,Shopko xxxx,Closure,15,Gothenburg,Gothenburg
5/5/2019,Shopko Corporate Office,Closure,20,Auburn,Auburn
5/5/2019,Shopko Corporate Office,Closure,15,Gothenburg,Gothenburg
5/2/2019,Shopko Corporate Office,Closure,24,West Point,West Point
5/1/2019,Shopko Corporate Office,Closure,35,Norfolk,Norfolk
4/23/2019,Noodles & Company,Closure,16,Lincoln,Lincoln
4/22/2019,"Elkhorn River Farms, LLC",Layoff,31,O'Neill,O'Neill
4/20/2019,Payless ShoeSource,Closure,2,Lincoln,Lincoln 6845
4/19/2019,Payless ShoeSource,Closure,3,Lincoln,Lincoln 4200
4/19/2019,Payless,Closure,5,North Platte,North Platte
4/15/2019,Spectrum America Supply Chain Solutions (Shopko distribution)xxxx,Closure,295,Omaha,Shopko Distribution Center
4/15/2019,Shopko Corporate Office,Closure,42,Lincoln,Lincoln - 4200 South 27th Street
4/15/2019,Shopko Corporate Office,Closure,44,Lincoln,Lincoln - 100 South 66th Street
4/15/2019,Shopko Corporate Office,Closure,44,Lincoln,Lincoln - 6845 South 27th Street
4/15/2019,Shopko Corporate Office,Closure,5,Lincoln,Lincoln - 4200 South 27th Street Optical
4/15/2019,Shopko Corporate Office,Closure,295,Omaha,Omaha - Shopko Distribution Center
4/14/2019,Payless ShoeSource,Closure,,Lincoln,Gateway Mall - Lincoln
4/13/2019,Lincoln Journal Star,Layoff,48,Lincoln,Lincoln
4/9/2019,Buck's Shoes,Closure,6,Omaha,Omaha
4/9/2019,Buck's Shoes,Closure,2,Fremont,Fremont
4/1/2019,Century Lumber Center,Closure,1,Scottsbluff,Scottsbluff
3/31/2019,Shopko Hometown xxxx,Closure,17,Albion,Albion
3/31/2019,SkateDaze,Closure,6,Omaha,Omaha
3/31/2019,Shopko Corporate Office,Closure,17,Albion,Albion
3/29/2019,Sears,Closure,42,Omaha,Crossroads Mall - Omaha
3/24/2019,Kmart,Closure,42,Alliance,Alliance
3/23/2019,Payless ShoeSource,Closure,1,Norfolk,Norfolk 2005
3/23/2019,Payless ShoeSource,Closure,7,Lincoln,Lincoln N27th
3/19/2019,Payless ShoeSource,Closure,,Lincoln,In Shopko - Lincoln
3/15/2019,Sidney Care and Rehabilitation Center,Closure,51,Sidney,Sidney
3/15/2019,Wausa Care and Rehabilitation Center,Closure,39,Wausa,Wausa
3/12/2019,Nebraska Commission for the Blind x,Layoff,2,Norfolk,Norfolk
3/12/2019,Nebraska Commission for the Blind and Visually Impaired,Layoff,8,Lincoln,Lincoln
3/12/2019,Nebraska Commission for the Blind and Visually Impaired,Layoff,2,Norfolk,Norfolk
3/12/2019,Payless ShoeSource,Closure,6,Columbus,Columbus
3/11/2019,Legends Patio Bar & Grill,Closure,18,Lincoln,Lincoln
3/10/2019,Sears,Closure,,Lincoln,Lincoln - Gateway Mall
3/2/2019,Shopko xxxx,Closure,48,Lincoln,Lincoln NW
3/2/2019,Shopko xxxx,Closure,17,Ord,Ord
3/2/2019,Shopko Corporate Office,Closure,17,Ord,Ord
3/2/2019,Shopko Corporate Office,Closure,48,Lincoln,Lincoln - 3400 North 27th Street
3/1/2019,Capital One Financial,Layoff,4,Lincoln,Lincoln
2/28/2019,Sears,Closure,27,Grand Island,Grand Island
2/28/2019,Shopko xxxx,Closure,16,Kimball,Kimball
2/28/2019,Corps of Discovery Welcome Center,Closure,1,Crofton,Crofton
2/28/2019,Shopko Corporate Office,Closure,16,Kimball,Kimball
2/18/2019,Shopko Corporate Office,Closure,3,Broken Bow,Broken Bow
2/18/2019,Country Nest,Closure,0,Kearney,Kearney
2/18/2019,Shopko xxxx,Closure,3,Ainsworth,Ainsworth - Pharmacy
2/18/2019,Shopko Hometown xxxx,Closure,3,Broken Bow,Broken Bow - Pharmacy
1/31/2019,The Solid Rock,Closure,6,Kearney,Kearney
1/30/2019,Union Pacific,Closure,68,Morrill,Morrill
1/28/2019,Gap,Closure,,Lincoln,Lincoln
1/25/2019,US Bank,Closure,,Lincoln,Lincoln
1/25/2019,US Bank,Closure,1,North Platte,North Platte
1/17/2019,Blue Valley Bowl,Closure,3,Hebron,Hebron
1/15/2019,Sears Hometown Store,Closure,5,Beatrice,Beatrice
1/12/2019,Shopko Hometown Pharmacy xxxx,Closure,9,Wayne,Wayne
1/12/2019,Shopko Corporate Office,Closure,9,Wayne,Wayne
1/9/2019,Shopko Corporate Office,Closure,6,Lincoln,Lincoln - 4200 South 27th Street Pharmacy
1/9/2019,Shopko Corporate Office,Closure,4,Lincoln,Lincoln - 6845 South 27th Street Pharmacy
1/9/2019,Shopko Pharmacy xxxx,Closure,4,Lincoln,Lincoln Pine Lake
1/9/2019,Shopko Pharmacy xxxx,Closure,6,Lincoln,Lincoln 4200 S. 27th
1/8/2019,Shopko Pharmacy xxxx,Closure,,Lincoln,Lincoln 100 S. 66th
1/8/2019,Shopko Corporate Office,Closure,,Lincoln,Lincoln - 100 South 66th Street Pharmacy
1/4/2019,Diversified Foods & Seasoning,Closure,54,Nebraska City,Nebraska City
1/4/2019,Quad Graphics,Layoff,6,Sidney,Sidney
1/4/2019,Capital One Financial,Layoff,45,Lincoln,Lincoln
12/31/2018,Dr. Mausolf Ophthalmology,Closure,7,Lincoln,Lincoln
12/31/2018,PaymentSpring - Nelnet,Layoff,30,Omaha,Omaha
12/31/2018,Allstate Insurance,Layoff,14,Lincoln,Lincoln
12/28/2018,Kearney Little Learners,Closure,23,Kearney,Kearney
12/22/2018,CraftHouse,Closure,,Lincoln,Lincoln
12/22/2018,Shopko Corporate Office,Closure,12,Gordon,Gordon
12/22/2018,Shopko Corporate Office,Closure,16,Ogallala,Ogallala
12/22/2018,Shopko xxxx,Closure,12,Gordon,Gordon
12/22/2018,Shopko xxxx,Closure,16,Ogallala,Ogallala
12/21/2018,201 Tanning & Spa,Closure,2,Beatrice,Beatrice
12/15/2018,O'Connor's Irish Pub,Closure,3,Omaha,Omaha
12/7/2018,Capital One Financial,Layoff,155,Lincoln,Lincoln
12/2/2018,Shivers Sweets N Treats,Closure,2,Lincoln,Lincoln
11/27/2018,The Creative Teacher,Closure,,Kearney,Kearney
11/21/2018,Funshine Shop,Closure,2,Kearney,Kearney
11/16/2018,The Emporium Restaurant,Closure,11,Scottsbluff,Scottsbluff
11/16/2018,Quad Graphics,Layoff,30,Sidney,Sidney
11/14/2018,Jimmy's Egg,Closure,,Lincoln,Lincoln
10/31/2018,Five Guys,Closure,,Lincoln,Lincoln - Downtown
10/31/2018,The Donut Shop,Closure,2,Omaha,Omaha
10/27/2018,Lewis Greenscape,Closure,12,Grand Island,Grand Island
10/27/2018,Heartland Foods,Layoff,4,Beatrice,Beatrice
10/2/2018,Crafts Inc.,Layoff,3,Norfolk,Norfolk
10/1/2018,Jason Sears Flooring,Closure,3,O'Neill,O'Neill
9/30/2018,Big Top Party Shop,Closure,5,Norfolk,Norfolk
9/28/2018,Family 4Ward,Layoff,5,Scottsbluff,Scottsbluff
9/27/2018,Gamers,Closure,,Lincoln,Lincoln
9/27/2018,Gamers,Closure,,Omaha,Omaha
9/27/2018,Gamers,Closure,,La Vista,La Vista
9/18/2018,Poling Drug,Layoff,4,Beatrice,Beatrice
9/15/2018,Allen's Superstore,Closure,33,Hastings,Hastings
8/31/2018,Herbergers,Closure,80,Kearney,Kearney
8/31/2018,Save Best Store,Closure,8,Lincoln,Lincoln
8/31/2018,Herbergers,Closure,22,Norfolk,Norfolk
8/31/2018,Herbergers,Closure,47,North Platte,North Platte
8/31/2018,Herbergers,Closure,55,Scottsbluff,Scottsbluff
8/31/2018,Herbergers,Closure,13,Hastings,Hastings
8/31/2018,Younkers,Closure,90,Lincoln,Lincoln
8/31/2018,Younkers,Closure,141,Omaha,Omaha - Oakview Mall
8/31/2018,Younkers,Closure,80,Grand Island,Grand Island
8/31/2018,Younkers,Closure,190,Omaha,Omaha - Westroads Mall
8/29/2018,Nebraska Auto Auction,Closure,5,Lincoln,Lincoln
8/26/2018,Ruby Tuesday,Closure,45,Grand Island,Grand Island
8/20/2018,Pet Kingdom,Closure,,Kearney,Kearney
8/17/2018,Ariens,Closure,194,Auburn,Auburn
7/31/2018,Erbert & Gerbert's Sandwich Shop,Closure,7,Kearney,Kearney
7/29/2018,Lutheran Home,Closure,38,Omaha,Omaha
7/27/2018,Brightstar,Closure,53,Omaha,Omaha
7/20/2018,Staples,Closure,12,North Platte,North Platte
7/5/2018,Serendipity,Closure,1,Norfolk,Norfolk
7/2/2018,MB Financial Bank,Layoff,31,Omaha,Omaha
7/2/2018,Little Blessings,Closure,7,Lincoln,Lincoln
7/2/2018,Little Blessings,Closure,13,Omaha,Omaha
6/30/2018,Akin's Natural Foods,Closure,10,Lincoln,Lincoln
6/30/2018,Adams County Senior Services,Closure,9,Hastings,Hastings
6/30/2018,Randolph Car Wash,Closure,20,Lincoln,Lincoln
6/30/2018,Shopko Corporate Office,Closure,12,Crete,Crete
6/30/2018,Joseph's College,Closure,2,North Platte,North Platte
6/30/2018,Building Healthy Futures,Closure,5,Omaha,Omaha
6/30/2018,Shopko xxxx,Closure,12,Crete,Crete
6/29/2018,Maximus,Closure,41,Omaha,Omaha
6/27/2018,Toys-R-Us,Closure,30,Lincoln,Lincoln
6/27/2018,Toys-R-Us,Closure,30,Omaha,Omaha
6/27/2018,Toys-R-Us,Closure,30,Lincoln,Lincoln
6/27/2018,Toys-R-Us,Closure,30,Omaha,Omaha - Oakview Mall
6/24/2018,Lyons Living Center,Closure,30,Lyons,Lyons
6/22/2018,PureRed Integrated Marketing,Closure,19,Norfolk,Norfolk
6/21/2018,Center for People in Need,Layoff,3,Lincoln,Lincoln
6/15/2018,Farner Company,Closure,17,Norfolk,Norfolk
6/15/2018,Good Samaritan Assisted Living,Closure,7,Scribner,Scribner
6/14/2018,Applebee's,Closure,5,Hastings,Hastings
5/31/2018,The Minuteman Hotel,Layoff,4,Lexington,Lexington
5/31/2018,Roadrunner Temperature Controlled,Layoff,28,Omaha,Omaha
5/31/2018,Grace University,Closure,135,Omaha,Omaha
5/31/2018,Convergys Corporation,Closure,123,Omaha,Omaha
5/16/2018,Wells Fargo,Closure,18,Grand Island,Grand Island
5/10/2018,Cenveo Corporation,Layoff,52,Omaha,Omaha
5/4/2018,Streck,Layoff,9,La Vista,La Vista
5/4/2018,Runza,Closure,19,Lincoln,Lincoln
5/1/2018,Maaschhoff's,Layoff,9,Wolbach,Wolbach
5/1/2018,Liberty Cleaners,Closure,3,Hastings,Hastings
5/1/2018,Liberty Cleaners,Closure,3,North Platte,North Platte
5/1/2018,Liberty/Deluxe Cleaners,Closure,3,York,York
5/1/2018,Perkins Restaurant & Bakery,Closure,15,Lincoln,Lincoln - N 48th
4/29/2018,Kearney County Health Services,Closure,55,Minden,Minden
4/26/2018,Charter Spectrum,Layoff,55,Lincoln,Lincoln
4/20/2018,Nebraska Transport Company,Layoff,8,Gering,Gering
4/6/2018,C & C Specialty Market,Closure,3,Beatrice,Beatrice
4/4/2018,PCT Livestock,Closure,2,St. Libory,St. Libory
4/3/2018,Direct Check,Closure,1,McCook,McCook
4/2/2018,Eagle Distributing,Layoff,2,Norfolk,Norfolk
4/2/2018,Election Systems & Software,Layoff,1,Omaha,Omaha
4/2/2018,Corelink Administrative Solutions,Layoff,14,Fargo,HQ
4/1/2018,Great Plains Health,Layoff,7,North Platte,North Platte
3/31/2018,Defy Gravity Trampoline Park,Closure,,La Vista,La Vista
3/29/2018,Nifast,Closure,4,Beatrice,Beatrice
3/28/2018,Justice,Closure,2,Norfolk,Norfolk
3/28/2018,Wells Fargo,Closure,6,McCook,McCook
3/25/2018,Claire's,Closure,,North Platte,North Platte
3/18/2018,Tanner's Bar and Grill,Closure,10,Lincoln,Lincoln
3/16/2018,Methodist Hospital Hospice,Closure,60,Omaha,Omaha
3/12/2018,Three Eighteen on the Avenue,Closure,3,Norfolk,Norfolk
3/7/2018,Tidal Gas Station,Closure,4,North Platte,North Platte
2/28/2018,Schwartz Enterprises of NE,Closure,16,Chappell,Chappell
2/27/2018,Heartland Motors,Closure,2,Beatrice,Beatrice
2/26/2018,Hickory Road BBQ,Closure,10,Lincoln,Lincoln
2/25/2018,Taco Bell,Closure,18,North Platte,North Platte
2/20/2018,Omaha World Herald,Layoff,24,Bellevue,Bellevue
2/15/2018,Chocolatier Blue,Closure,1,Lincoln,Lincoln
2/15/2018,Lot 2 Restaurant and Wine Bar,Closure,15,Omaha,Omaha
2/14/2018,Strategic Health Solutions,Closure,41,Omaha,Omaha
2/11/2018,Village Inn,Closure,32,Lincoln,Lincoln
2/8/2018,"Heartland Products-Hog Slat, Inc.",Layoff,5,Columbus,Columbus
2/6/2018,YMCA,Closure,1,Grand Island,Grand Island
2/5/2018,Schlotzsky's,Closure,13,Lincoln,Lincoln
2/1/2018,Lead & Stone,Closure,,Norfolk,Norfolk
1/31/2018,Bart's Detasseling,Closure,,Beaver Crossing,Beaver Crossing
1/30/2018,GCR (Firestone),Closure,7,North Platte,North Platte
1/29/2018,Fair Deal Cafe,Closure,,Omaha,Omaha
1/29/2018,Beatrice Daily Sun,Layoff,1,Beatrice,Beatrice
1/29/2018,Lincoln Journal Star,Layoff,4,Lincoln,Lincoln
1/26/2018,Wahoo's Fish Taco,Closure,,Lincoln,Lincoln
1/26/2018,Company Kitchen,Closure,3,Omaha,Omaha
1/25/2018,Windstream Communications,Layoff,5,Lincoln,Lincoln
1/23/2018,Oklahoma Joe's,Closure,,Lincoln,Lincoln
1/21/2018,Perkins Restaurant & Bakery,Closure,29,Lincoln,Lincoln - NW 12th
1/19/2018,Austad's Golf,Closure,6,Lincoln,Lincoln
1/19/2018,Watering Hole,Closure,,Lincoln,Lincoln
1/14/2018,Kmart,Closure,44,Omaha,Omaha
1/11/2018,"Liberty Mobility Now, Inc.",Closure,29,Lincoln,Lincoln
1/6/2018,Shopko xxxx,Closure,15,Omaha,Omaha - Southwest
1/6/2018,Shopko Corporate Office,Closure,15,Omaha,Omaha - 3020 South 84th Street
1/2/2018,Strouds,Closure,,Omaha,Omaha
1/1/2018,Dugger's Cafe,Closure,20,Omaha,Omaha
12/31/2017,Progress Rail,Closure,39,Gering,Gering
12/31/2017,Good Samaritan Society,Closure,50,Alliance,Alliance
12/31/2017,Eagle Grocery,Closure,5,Eagle,Eagle
12/31/2017,Reicherts Jewelry,Closure,3,Ogallala,Ogallala
12/29/2017,Union Tank Car,Closure,12,Omaha,Omaha
12/29/2017,Stagecoach Mall,Closure,5,Fairbury,Fairbury
12/29/2017,Black Hills Energy,Layoff,5,Lincoln,Lincoln
12/28/2017,MJ's Restaurant,Closure,,Scottsbluff,Scottsbluff
12/24/2017,Charming Charlie,Closure,15,Papillion,Papillion
12/23/2017,"Hobbe""s"" Restaurant",Closure,8,North Platte,North Platte
12/23/2017,Cottonwood,Closure,15,Lincoln,Lincoln
12/20/2017,Herzing University,Layoff,8,Omaha,Omaha
12/18/2017,CHS,Closure,63,South Sioux City,South Sioux City
12/15/2017,Buss Stop Petro,Closure,5,Beatrice,Beatrice
12/15/2017,Foster Lumber Company,Closure,6,Sidney,Sidney
12/12/2017,ADM Milling,Layoff,4,Lincoln,Lincoln
12/10/2017,Bread & Cup,Closure,30,Lincoln,Lincoln
12/8/2017,Canfield's Sporting Goods,Closure,,Omaha,Omaha
12/2/2017,Century Link,Layoff,1,Omaha,Omaha
11/30/2017,Data Transmission Network,Layoff,53,Omaha,Omaha
11/12/2017,Smart Room,Closure,,Lincoln,Lincoln
11/11/2017,The Shed Grill & Spirits,Closure,,Scottsbluff,Scottsbluff
11/10/2017,Hood Packaging Corporation,Closure,100,Omaha,Omaha
11/8/2017,Axius Services,Closure,5-Mar,Norfolk,Norfolk
11/7/2017,Penair,Closure,,North Platte,North Platte
11/6/2017,Whiskey Creek Wood Fire Grill,Closure,24,Scottsbluff,Scottsbluff
10/31/2017,Pizza Hut,Closure,12,Gering,Gering
10/27/2017,"Mark of Honor Youth Lodge, Inc.",Closure,10,Lincoln,Lincoln
10/27/2017,"Willsie Cap & Gown, Inc.",Closure,8,Omaha,Omaha
10/22/2017,Gusto Cuban Cafe,Closure,4,Ralston,Ralston
10/22/2017,Boston Market,Closure,,Lincoln,Lincoln
10/20/2017,Life Quest,Closure,12,Palmer,Palmer
10/19/2017,Chevy's Fresh Mex,Closure,,Lincoln,Lincoln
10/8/2017,RHD,Layoff,80,Omaha,Omaha
10/8/2017,RHD,Layoff,80,Lincoln,Lincoln
10/4/2017,McFarland & Sons,Closure,,Lincoln,Lincoln
10/1/2017,Northside Cafe,Closure,,Lincoln,Lincoln
9/30/2017,Together,Layoff,2,Omaha,Omaha
9/29/2017,American Red Cross,Closure,133,Omaha,Recruitment Center
9/27/2017,Rent A Center,Closure,4,Beatrice,Beatrice
8/15/2017,Choice Floor Specialists,Closure,3,York,York
8/11/2017,Joe's Crab Shack,Closure,,Omaha,Omaha
8/4/2017,Dr. Leonard's Healthcare Corporation,Closure,170,Lincoln,Lincoln
7/24/2017,Marshfield Food Safety Services,Closure,18,Schuyler,Schuyler
7/19/2017,Black Hills Energy,Layoff,35,Papillion,Papillion
7/16/2017,Prengers,Closure,25,Norfolk,Norfolk
7/15/2017,Game Cycle,Closure,1,Beatrice,Beatrice
7/15/2017,Doc's Place,Closure,,Lincoln,Lincoln
7/11/2017,Ploughshare,Closure,,Lincoln,Lincoln
7/10/2017,Tiger Town Food and Floral Center,Closure,,Osmond,Osmond
7/1/2017,Good Air Home Medical Equipment,Closure,6,Ogallala,Ogallala
6/30/2017,Integrated Life Choices,Layoff,8,Beatrice,Beatrice
6/30/2017,Nebraska Bull Service,Layoff,14,McCook,McCook
6/23/2017,"MWD Steel Fabrication, LLC",Closure,20,Lincoln,Lincoln
6/16/2017,"Dickey's Barbeque Restaurants, Inc",Closure,,Lincoln,Lincoln
5/22/2017,TCBY,Closure,,Lincoln,O Street - Lincoln
5/1/2017,Speak Out,Closure,4,Scottsbluff,P.O. Box 1066
4/28/2017,Family Christian,Closure,,Lincoln,Lincoln
4/24/2017,Da Buzz,Closure,4,North Platte,North Platte
4/24/2017,Good Samaritan Society,Layoff,40,Wymore,Wymore
4/21/2017,Ragazzi's Pizza,Closure,,Ralston,Ralston
4/17/2017,Epworth Village,Layoff,13,York,York
4/17/2017,Rue 21,Closure,9,North Platte,North Platte
4/17/2017,Rue 21,Closure,12,Lincoln,Lincoln -Wilderness Hills
4/17/2017,Rue 21,Closure,14,Gretna,Gretna
4/17/2017,Gothenburg Medical Arts,Closure,4,Gothernburg,Gothenburg
4/7/2017,Omaha Truck and Trailer,Layoff,2,Bellevue,Omaha
4/1/2017,Nathan Detroit's,Closure,,Grand Island,Grand Island
3/31/2017,Envision,Closure,15,Norfolk,Norfolk
3/31/2017,Resource Real Estate Management,Layoff,6,Omaha,Omaha
3/31/2017,Big Apple Bagels,Closure,3,Norfolk,Norfolk
3/28/2017,Casey's,Closure,15,West Point,West Point
3/27/2017,Hallmark,Closure,13,Lincoln,Norfolk
3/27/2017,Vanity,Closure,7,Grand Island,Grand Island
3/27/2017,Vanity,Closure,7,Kearney,Kearney
3/27/2017,Vanity,Closure,7,Lincoln,Lincoln
3/27/2017,Vanity,Closure,5,Norfolk,Norfolk
3/27/2017,Vanity,Closure,12,North Platte,North Platte
3/27/2017,Vanity,Closure,8,Omaha,Omaha
3/27/2017,Vanity,Closure,5,Omaha,Omaha - California Street
3/27/2017,Vanity,Closure,7,Scottsbluff,Scottsbluff
3/24/2017,Western Convenience Stores - Restaurant,Layoff,9,Hershey,Hershey
3/23/2017,"General Wireless Operations, Inc dba Radio Shack",Closure,5,Omaha,Dodge Street - Omaha
3/23/2017,"General Wireless Operations, Inc dba Radio Shack",Closure,2,Fremont,Eastgate Plaza - Fremont
3/23/2017,"General Wireless Operations, Inc dba Radio Shack",Closure,2,Lincoln,Lincoln Crossing - Lincoln
3/23/2017,"General Wireless Operations, Inc dba Radio Shack",Closure,5,Omaha,Maplewood Plaza - Omaha
3/23/2017,"General Wireless Operations, Inc dba Radio Shack",Closure,4,Omaha,Stockyards Plaza - Omaha
3/23/2017,"General Wireless Operations, Inc dba Radio Shack",Closure,3,Norfolk,Sunset Plaza - Norfolk
3/23/2017,"General Wireless Operations, Inc dba Radio Shack",Closure,3,Lincoln,Van Dorn Plaza - Lincoln
3/21/2017,Delta Enterprises - MidAmerica Vision,Layoff,4,Fairbury,Fairbury
3/18/2017,Sun Mart,Closure,25,Ogalalla,Ogalalla
3/14/2017,Cabela's x,Layoff,70,Sidney,Sidney
3/14/2017,Cabela's Corporation,Layoff,70,Sidney,Cabela's Store - Sidney
3/11/2017,Pizza Shoppe,Closure,8,Omaha,Benson
3/10/2017,Capriottis,Closure,0,Lincoln,S. 11th Street
3/9/2017,Nebraska Book Company,Layoff,40,Lincoln,Lincoln
3/1/2017,Titan Machinery,Layoff,,Broken Bow,Broken Bow
2/28/2017,City of Fairbury,Closure,,Fairbury,Fairbury
2/28/2017,Nebraska State Patrol-Communications Center,Layoff,9,Lincoln,Lincoln
2/27/2017,PureRed Integrated Marketing,Layoff,3,Norfolk,Norfolk
2/23/2017,Creighton University,Layoff,6,Omaha,Omaha
2/22/2017,Amy's Hallmark,Closure,9,Fremont,Fremont
2/21/2017,Lutheran Family Services,Layoff,8,Omaha,Omaha
2/20/2017,Cleaver Brooks,Layoff,2,Lincoln,Lincoln
2/17/2017,Cleaver Brooks,Layoff,23,Lincoln,Lincoln
2/16/2017,First National Bank,Layoff,65,Omaha,Omaha
2/16/2017,Sunmart,Closure,25,Ogallala,Ogallala
2/16/2017,Sunmart,Closure,25,Ogalalla,Ogalalla
2/15/2017,R Way Mental Health Rehabilitation,Closure,25,Wayne,Wayne
2/14/2017,Brix - Village Point,Closure,45,Omaha,Village Point
2/14/2017,Taco Inn,Closure,16,Lincoln,Lincoln
2/3/2017,Sunflower Marketing,Closure,14,Geneva,"Geneva, NE"
1/31/2017,Bentley Fine Jewelry and Repair,Closure,1,Scottsbluff,Scottsbluff
1/31/2017,Shopko xxxx,Closure,75,Omaha,Omaha Store
1/28/2017,Pendleton Woolen Mills,Closure,4,Nebraska City,Nebraska City
1/28/2017,Braeda,Closure,14,Lincoln,Lincoln
1/27/2017,NCI Building Systems,Closure,30,Omaha,Omaha
1/27/2017,Catholic Charities,Closure,28,Omaha,Omaha
1/27/2017,Midwest Medical Transport,Closure,5,North Platte,North Platte
1/26/2017,Simply Mac,Closure,6,Lincoln,Gateway Mall
1/14/2017,The Children's Place,Closure,14,Lincoln,Lincoln
1/14/2017,Zoup,Closure,8,Lincoln,Lincoln
1/12/2017,Brix,Closure,45,Omaha,Midtown Crossing
1/12/2017,Brix,Closure,42,Omaha,Village Point
1/12/2017,Brix - Midtown Crossing,Closure,42,Omaha,Midtown Crossing
1/12/2017,Brix - Village Point,Closure,45,Omaha,Village Point
1/12/2017,Brix - Village Point,Closure,45,Omaha,Village Point
1/11/2017,The Limited,Closure,15,Gretna,Nebraska Crossing Outlet Mall
1/11/2017,The Limited,Closure,15,Omaha,Oakview Mall
1/7/2017,Western Trails Sports Post,Closure,4,Scottsbluff,Scottsbluff
1/7/2017,Yates Motors,Closure,1,Gering,Gering
1/4/2017,Great Wraps,Closure,2,Lincoln,Gateway Mall
1/4/2017,Great Wraps,Closure,0,Lincoln,Gateway Mall
